CustomerID,InvoiceNo,Quantity,UnitPrice,InvoiceDate,Description
C10502,538642,172,6.84,2011-07-26 15:05,PACK OF 20 SPACEBOY NAPKINS
C10460,522062,281,1.6,2011-09-06 14:01,VICTORIAN GLASS HANGING T-LIGHT
C10368,531354,51,1.74,2011-12-05 10:26,HAND WARMER UNION JACK
C10522,549120,139,6.41,2011-04-23 14:36,CHILDRENS APRON DOLLY GIRL
C10416,543514,36,4.58,2011-09-20 15:13,CHILDRENS CUTLERY CIRCUS PARADE
C10466,516422,162,2.82,2011-12-06 08:05,MINI PAINT SET VINTAGE
C10156,568292,5,2.41,2011-11-30 10:47,ASSORTED COLOUR BIRD ORNAMENT
C10440,551622,35,2.27,2011-05-12 08:36,SAVE THE PLANET MUG
C10492,541713,145,3.48,2011-09-17 16:29,LUNCH BAG BLACK SKULL
C10419,594152,48,2.07,2011-08-04 08:18,SAVE THE PLANET MUG
C10518,523757,61,7.18,2011-09-06 15:32,SET OF 4 PANTRY JELLY MOULDS
C10183,555032,5,0.86,2011-11-26 09:00,STRAWBERRY CERAMIC TRINKET BOX
C10455,533061,93,3.68,2011-07-12 15:58,RECYCLED ACRYLIC DROP EARRINGS
C10322,598316,49,2.78,2011-02-26 15:29,HAND WARMER UNION JACK
C10519,532245,178,2.69,2010-12-02 15:08,SET 7 BABUSHKA NESTING BOXES
C10423,587717,76,5.75,2011-05-07 14:36,CHILDRENS APRON DOLLY GIRL
C10404,530577,61,3.98,2011-05-15 12:43,CHILDRENS APRON DOLLY GIRL
C10361,589621,51,4.05,2011-09-29 13:17,SET OF 4 PANTRY JELLY MOULDS
C10488,536703,148,1.81,2011-07-06 13:11,SET 7 BABUSHKA NESTING BOXES
C10452,527964,82,2.54,2011-11-15 17:54,ASSORTED COLOUR BIRD ORNAMENT
C10433,539468,25,3.06,2011-04-14 10:45,RECYCLED ACRYLIC DROP EARRINGS
C10287,572205,53,4.25,2011-01-29 08:10,VICTORIAN GLASS HANGING T-LIGHT
C10441,595490,200,1.71,2011-09-06 09:01,RED HARMONIA NOTEBOOK
C10299,597340,21,4.82,2011-05-25 13:31,ASSORTED COLOUR BIRD ORNAMENT
C10273,528024,34,3.34,2011-01-10 15:08,WHITE HANGING HEART T-LIGHT HOLDER
C10282,568355,45,1.67,2011-06-24 17:26,LUNCH BAG PINK POLKADOT
C10280,532449,28,3.69,2011-12-01 16:07,SET 7 BABUSHKA NESTING BOXES
C10404,540059,65,5.39,2011-06-28 08:35,SET 7 BABUSHKA NESTING BOXES
C10511,554789,103,5.67,2011-03-02 10:04,WHITE HANGING HEART T-LIGHT HOLDER
C10461,582116,150,2.57,2011-10-25 13:12,CREAM CUPID HEARTS COAT HANGER
C10505,572149,165,8.03,2011-09-12 15:11,GLASS STAR FROSTED T-LIGHT HOLDER
C10473,559298,173,4.5,2011-04-21 12:03,SAVE THE PLANET MUG
C10252,515693,36,2.82,2010-12-01 14:33,SET 7 BABUSHKA NESTING BOXES
C10304,557522,40,2.73,2011-03-07 16:39,PACK OF 20 SPACEBOY NAPKINS
C10359,533584,21,4.91,2011-09-02 10:25,HAND WARMER RED POLKA DOT
C10471,513860,240,5.07,2011-11-12 10:27,WHITE HANGING HEART T-LIGHT HOLDER
C10046,552176,10,2.44,2011-05-20 16:48,LUNCH BAG BLACK SKULL
C10477,527004,118,4.42,2011-02-04 12:39,CHILDRENS CUTLERY CIRCUS PARADE
C10207,581258,21,1.26,2011-04-23 14:08,ASSORTED COLOUR BIRD ORNAMENT
C10281,539333,40,2.23,2011-07-30 08:06,BAKING SET 9 PIECE RETROSPOT
C10364,574103,49,2.17,2011-04-17 09:28,SET 7 BABUSHKA NESTING BOXES
C10465,566966,119,3.01,2010-12-18 16:11,KNITTED UNION FLAG HOT WATER BOTTLE
C10097,516265,7,3.66,2011-09-05 15:16,HAND WARMER RED POLKA DOT
C10346,511469,20,1.58,2011-07-26 15:29,WHITE HANGING HEART T-LIGHT HOLDER
C10089,529313,9,3.76,2011-08-04 13:35,STRAWBERRY CERAMIC TRINKET BOX
C10307,565666,17,2.24,2011-02-25 09:23,LUNCH BAG PINK POLKADOT
C10166,555652,11,1.71,2011-01-23 12:26,LUNCH BAG PINK POLKADOT
C10330,575881,22,4.44,2011-12-08 13:05,MINI PAINT SET VINTAGE
C10416,539468,55,2.07,2011-04-13 12:39,SAVE THE PLANET MUG
C10238,533758,46,4.13,2011-05-01 12:29,POPCORN HOLDER
C10475,539301,255,2.82,2011-07-22 17:02,RED WOOLLY HOTTIE WHITE HEART
C10397,565898,68,1.96,2011-10-19 10:09,ASSORTED COLOUR BIRD ORNAMENT
C10350,520909,58,2.87,2011-11-17 11:38,JUMBO BAG RED RETROSPOT
C10401,544003,36,2.9,2011-01-30 12:17,MINI PAINT SET VINTAGE
C10338,527988,11,4.78,2011-06-11 11:25,LUNCH BAG PINK POLKADOT
C10486,589771,129,4.57,2010-12-08 12:20,WHITE HANGING HEART T-LIGHT HOLDER
C10527,597145,187,6.62,2011-03-19 08:52,MINI PAINT SET VINTAGE
C10267,546170,30,1.34,2011-09-06 11:24,SAVE THE PLANET MUG
C10370,525512,24,4.33,2011-02-14 13:41,POPCORN HOLDER
C10526,569562,135,2.75,2011-10-01 13:14,CREAM CUPID HEARTS COAT HANGER
C10518,590124,152,2.81,2011-04-11 17:50,SET OF 4 PANTRY JELLY MOULDS
C10342,553286,18,1.9,2011-09-09 15:46,PACK OF 12 LONDON TISSUES
C10459,568931,261,4.92,2010-12-17 12:24,LUNCH BAG BLACK SKULL
C10365,557654,53,2.13,2011-02-13 14:01,GLASS STAR FROSTED T-LIGHT HOLDER
C10375,581444,50,3.63,2011-07-19 12:56,SET OF 4 PANTRY JELLY MOULDS
C10052,542780,12,3.91,2011-04-27 16:10,PACK OF 12 LONDON TISSUES
C10349,559250,28,2.11,2011-05-21 08:38,CREAM CUPID HEARTS COAT HANGER
C10341,546942,10,4.52,2011-08-14 16:34,ASSORTED COLOUR BIRD ORNAMENT
C10040,574451,8,3.09,2011-04-22 10:37,LUNCH BAG PINK POLKADOT
C10309,570412,44,2.64,2011-09-25 08:48,VICTORIAN GLASS HANGING T-LIGHT
C10516,561259,88,8.27,2011-09-22 15:47,STRAWBERRY CERAMIC TRINKET BOX
C10420,576662,48,3.23,2011-02-14 17:00,VICTORIAN GLASS HANGING T-LIGHT
C10176,517780,11,2.19,2011-09-28 13:55,RECYCLED ACRYLIC DROP EARRINGS
C10120,590147,5,2.53,2011-02-16 14:44,WHITE HANGING HEART T-LIGHT HOLDER
C10484,536813,288,1.94,2011-07-24 17:51,GLASS STAR FROSTED T-LIGHT HOLDER
C10271,549967,25,5.17,2011-06-13 16:45,SET 7 BABUSHKA NESTING BOXES
C10323,518324,46,2.59,2011-08-07 14:31,VICTORIAN GLASS HANGING T-LIGHT
C10500,595616,128,7.13,2011-03-18 11:44,KNITTED UNION FLAG HOT WATER BOTTLE
C10490,599407,200,3.5,2011-06-07 16:48,WHITE METAL LANTERN
C10236,572180,17,3.58,2011-09-28 16:10,WHITE HANGING HEART T-LIGHT HOLDER
C10337,577853,33,5.37,2011-03-10 17:08,POPCORN HOLDER
C10041,582102,12,3.86,2011-02-21 13:26,CHILDRENS APRON DOLLY GIRL
C10498,599949,57,5.7,2011-08-15 14:51,SET 7 BABUSHKA NESTING BOXES
C10136,549107,2,3.39,2011-02-04 11:53,RED WOOLLY HOTTIE WHITE HEART
C10374,521425,54,4.03,2011-02-06 13:18,JAM MAKING SET WITH JARS
C10443,582256,248,1.59,2011-05-23 09:56,RED WOOLLY HOTTIE WHITE HEART
C10467,585459,300,2.49,2011-10-22 16:11,RED HARMONIA NOTEBOOK
C10451,542163,219,1.64,2011-05-05 14:39,HAND WARMER UNION JACK
C10512,598661,117,6.3,2011-09-26 15:36,SET 7 BABUSHKA NESTING BOXES
C10366,583445,47,5.53,2011-11-15 16:49,POPCORN HOLDER
C10414,533440,61,2.14,2011-08-22 09:29,HAND WARMER RED POLKA DOT
C10270,591396,57,1.48,2011-02-13 15:02,KNITTED UNION FLAG HOT WATER BOTTLE
C10270,581932,43,4.44,2011-10-12 15:39,SET 7 BABUSHKA NESTING BOXES
C10462,599449,268,5.32,2010-12-09 15:13,RECYCLED ACRYLIC DROP EARRINGS
C10507,520918,173,4.95,2011-03-10 16:25,LUNCH BAG RED RETROSPOT
C10398,592617,79,5.99,2011-05-10 16:45,LUNCH BAG PINK POLKADOT
C10394,555434,79,2.1,2011-12-04 11:52,CHILDRENS APRON DOLLY GIRL
C10334,596486,20,3.6,2011-07-25 13:59,KNITTED UNION FLAG HOT WATER BOTTLE
C10475,544174,167,2.97,2011-02-07 16:47,WOODEN PICTURE FRAME WHITE FINISH
C10473,565839,192,2.24,2010-12-25 10:55,HAND WARMER UNION JACK
C10462,526337,143,3.87,2011-07-04 09:42,JUMBO BAG RED RETROSPOT
C10510,554755,117,8.33,2011-10-23 08:23,WOODEN PICTURE FRAME WHITE FINISH
C10464,522256,140,3.85,2011-08-29 10:40,POPCORN HOLDER
C10321,561505,60,2.02,2011-08-02 12:09,LUNCH BAG BLACK SKULL
C10437,594305,65,4.94,2011-10-05 10:39,POPCORN HOLDER
C10257,543330,20,1.51,2011-06-14 11:09,RECYCLED ACRYLIC DROP EARRINGS
C10457,573359,288,1.34,2011-09-07 17:32,CHILDRENS CUTLERY CIRCUS PARADE
C10442,568538,229,5.09,2011-02-05 15:20,WHITE HANGING HEART T-LIGHT HOLDER
C10149,598346,10,3.53,2011-09-09 14:00,WOODEN PICTURE FRAME WHITE FINISH
C10511,516159,163,5.31,2011-06-08 15:21,VICTORIAN GLASS HANGING T-LIGHT
C10299,531805,28,3.19,2011-05-06 10:50,WHITE METAL LANTERN
C10416,551896,16,3.14,2011-08-14 08:38,RED WOOLLY HOTTIE WHITE HEART
C10332,586830,27,3.6,2011-03-14 11:48,ZINC T-LIGHT HOLDER STARS SMALL
C10436,522516,22,4.62,2011-01-16 10:16,WHITE METAL LANTERN
C10403,526784,59,4.68,2011-10-19 14:38,HAND WARMER UNION JACK
C10527,536748,132,8.29,2011-02-25 16:44,MINI PAINT SET VINTAGE
C10354,589529,53,3.14,2011-08-24 12:59,POPCORN HOLDER
C10314,595089,25,3.44,2011-10-05 16:47,PACK OF 20 SPACEBOY NAPKINS
C10485,527664,108,1.78,2011-04-19 09:28,CHILDRENS APRON DOLLY GIRL
C10365,510070,21,2.44,2011-03-12 15:45,JAM MAKING SET WITH JARS
C10444,534238,300,1.51,2011-04-01 09:55,PACK OF 12 LONDON TISSUES
C10527,529228,112,7.37,2011-08-04 14:01,LUNCH BAG RED RETROSPOT
C10456,562329,192,2.32,2011-08-08 14:35,HAND WARMER UNION JACK
C10373,529685,79,5.16,2011-07-28 15:20,RED WOOLLY HOTTIE WHITE HEART
C10453,539863,153,3.78,2011-06-27 10:15,PACK OF 12 LONDON TISSUES
C10455,544060,148,2.81,2010-12-11 15:32,WOODEN PICTURE FRAME WHITE FINISH
C10512,530762,96,5.24,2011-01-05 13:59,RED HARMONIA NOTEBOOK
C10519,560390,199,2.73,2011-01-31 16:12,ASSORTED COLOUR BIRD ORNAMENT
C10324,516166,25,2.14,2011-04-30 14:26,GLASS STAR FROSTED T-LIGHT HOLDER
C10321,570670,17,4.4,2011-05-01 17:03,LUNCH BAG RED RETROSPOT
C10383,562455,80,2.53,2011-06-30 15:42,ZINC T-LIGHT HOLDER STARS SMALL
C10513,541483,119,4.73,2011-04-08 09:14,PACK OF 20 SPACEBOY NAPKINS
C10378,559074,16,1.76,2011-08-15 17:51,PACK OF 20 SPACEBOY NAPKINS
C10479,548484,266,2.16,2011-12-08 17:57,RED HARMONIA NOTEBOOK
C10510,592458,115,7.83,2011-10-11 09:28,CREAM CUPID HEARTS COAT HANGER
C10507,552646,66,5.67,2011-09-16 17:03,LUNCH BAG RED RETROSPOT
C10122,545842,9,2.37,2011-04-27 11:44,HAND WARMER RED POLKA DOT
C10479,529029,235,5.36,2011-04-01 16:25,KNITTED UNION FLAG HOT WATER BOTTLE
C10447,527284,210,1.49,2011-10-27 11:59,WOODEN PICTURE FRAME WHITE FINISH
C10464,564048,91,2.12,2011-04-19 17:12,HAND WARMER RED POLKA DOT
C10388,549634,32,4.33,2011-06-23 09:57,ASSORTED COLOUR BIRD ORNAMENT
C10525,598250,87,7.64,2011-05-29 08:48,WOODEN PICTURE FRAME WHITE FINISH
C10079,567640,12,2.29,2011-10-18 15:29,RECYCLED ACRYLIC DROP EARRINGS
C10509,511037,96,3.25,2011-02-06 17:38,WHITE HANGING HEART T-LIGHT HOLDER
C10494,595713,104,5.31,2010-12-23 15:06,ZINC T-LIGHT HOLDER STARS SMALL
C10486,558434,188,1.81,2010-12-15 17:28,STRAWBERRY CERAMIC TRINKET BOX
C10325,564396,15,2.38,2011-11-08 09:45,GLASS STAR FROSTED T-LIGHT HOLDER
C10418,589168,79,4.44,2011-10-13 11:08,LUNCH BAG RED RETROSPOT
C10270,553499,38,3.25,2011-05-06 10:22,KNITTED UNION FLAG HOT WATER BOTTLE
C10455,567133,155,1.85,2011-06-14 08:31,RECYCLED ACRYLIC DROP EARRINGS
C10349,527598,57,4.98,2011-09-26 15:24,RED WOOLLY HOTTIE WHITE HEART
C10436,567763,62,4.15,2011-07-20 09:33,HAND WARMER RED POLKA DOT
C10305,536217,48,2.12,2011-01-10 14:44,CHILDRENS APRON DOLLY GIRL
C10513,543522,88,6.97,2011-07-15 13:32,PACK OF 20 SPACEBOY NAPKINS
C10346,589559,20,4.81,2011-02-08 13:42,WHITE HANGING HEART T-LIGHT HOLDER
C10528,553779,97,6.35,2011-09-24 10:57,RED HARMONIA NOTEBOOK
C10494,562138,83,3.99,2011-07-14 17:21,POPCORN HOLDER
C10476,521421,152,5.29,2011-01-24 11:46,POPCORN HOLDER
C10238,572684,34,4.18,2011-02-09 10:21,POPCORN HOLDER
C10421,547192,79,3.75,2011-10-30 11:14,SAVE THE PLANET MUG
C10292,528000,53,3.7,2011-10-29 10:00,LUNCH BAG PINK POLKADOT
C10297,541278,18,5.42,2011-11-16 09:39,CHILDRENS APRON DOLLY GIRL
C10441,561488,244,2.55,2011-08-09 17:16,RED HARMONIA NOTEBOOK
C10422,524249,38,2.49,2011-01-03 14:43,WOODEN PICTURE FRAME WHITE FINISH
C10514,524663,121,6.96,2011-02-15 16:25,MINI PAINT SET VINTAGE
C10296,592157,60,4.95,2011-11-22 09:28,BAKING SET 9 PIECE RETROSPOT
C10083,560667,3,2.89,2011-06-17 14:49,HAND WARMER RED POLKA DOT
C10398,535562,71,3.03,2011-08-18 17:45,LUNCH BAG PINK POLKADOT
C10332,540636,11,2.98,2011-01-20 13:09,ZINC T-LIGHT HOLDER STARS SMALL
C10329,572289,31,4.57,2011-07-22 15:02,ZINC T-LIGHT HOLDER STARS SMALL
C10274,577760,49,5.16,2011-11-26 08:33,CREAM CUPID HEARTS COAT HANGER
C10465,527723,262,4.38,2011-11-17 14:09,CHILDRENS CUTLERY CIRCUS PARADE
C10023,536130,2,3.87,2011-09-03 08:22,HAND WARMER UNION JACK
C10511,517742,159,2.75,2011-10-14 17:46,BAKING SET 9 PIECE RETROSPOT
C10302,549582,41,1.43,2011-08-26 13:04,LUNCH BAG PINK POLKADOT
C10206,582179,20,1.53,2011-07-17 10:02,CHILDRENS CUTLERY CIRCUS PARADE
C10526,560816,83,6.58,2011-06-18 17:16,JUMBO BAG RED RETROSPOT
C10491,524314,125,4.84,2011-10-05 10:50,BAKING SET 9 PIECE RETROSPOT
C10496,516598,192,5.6,2011-01-11 17:56,RED WOOLLY HOTTIE WHITE HEART
C10266,585571,16,4.51,2011-03-02 16:47,GLASS STAR FROSTED T-LIGHT HOLDER
C10474,535688,194,2.91,2011-07-22 17:02,VICTORIAN GLASS HANGING T-LIGHT
C10478,547990,121,4.69,2011-07-22 10:50,WOODEN PICTURE FRAME WHITE FINISH
C10403,540783,77,4.26,2011-10-23 13:30,SET OF 4 PANTRY JELLY MOULDS
C10276,566010,34,4.74,2011-10-04 17:00,CHILDRENS APRON DOLLY GIRL
C10450,561485,213,4.04,2011-07-10 15:26,LUNCH BAG PINK POLKADOT
C10481,574491,215,5.3,2011-06-26 15:36,RED WOOLLY HOTTIE WHITE HEART
C10330,584743,58,1.47,2011-10-16 17:26,LUNCH BAG BLACK SKULL
C10412,545305,68,3.5,2011-04-04 12:46,LUNCH BAG RED RETROSPOT
C10486,551419,182,1.82,2011-07-12 12:10,JUMBO BAG RED RETROSPOT
C10510,599688,161,3.6,2011-05-07 17:05,SAVE THE PLANET MUG
C10270,536712,57,3.54,2011-06-10 10:48,CREAM CUPID HEARTS COAT HANGER
C10504,554496,170,6.27,2011-08-02 17:39,POPCORN HOLDER
C10281,594465,39,2.57,2011-07-07 14:11,WOODEN PICTURE FRAME WHITE FINISH
C10277,590516,32,5.19,2011-08-05 17:59,VICTORIAN GLASS HANGING T-LIGHT
C10437,568707,51,3.04,2011-11-03 16:53,POPCORN HOLDER
C10477,536238,294,1.52,2011-05-12 09:13,RED WOOLLY HOTTIE WHITE HEART
C10526,589813,145,7.4,2011-08-11 17:39,PACK OF 12 LONDON TISSUES
C10509,545481,90,5.05,2011-10-27 11:01,LUNCH BAG BLACK SKULL
C10388,561466,52,1.88,2011-07-12 13:51,VICTORIAN GLASS HANGING T-LIGHT
C10469,569720,178,1.9,2010-12-11 13:15,MINI PAINT SET VINTAGE
C10019,565069,2,2.02,2011-07-01 14:21,ASSORTED COLOUR BIRD ORNAMENT
C10479,515485,113,5.13,2011-09-20 13:07,WHITE METAL LANTERN
C10491,531091,289,3.45,2011-06-06 15:53,STRAWBERRY CERAMIC TRINKET BOX
C10050,529080,7,2.44,2011-02-24 12:57,LUNCH BAG RED RETROSPOT
C10499,556169,145,8.3,2011-03-06 13:29,SET 7 BABUSHKA NESTING BOXES
C10037,581376,5,2.56,2011-03-30 12:50,PACK OF 12 LONDON TISSUES
C10471,587019,218,1.88,2011-09-29 13:34,SET OF 4 PANTRY JELLY MOULDS
C10500,542065,172,7.69,2011-02-17 10:10,RED HARMONIA NOTEBOOK
C10421,593221,39,4.21,2011-04-11 10:44,WHITE METAL LANTERN
C10188,527299,16,2.39,2011-06-16 09:15,STRAWBERRY CERAMIC TRINKET BOX
C10505,512427,125,4.31,2011-02-05 09:05,JAM MAKING SET WITH JARS
C10530,531412,115,3.22,2011-04-08 17:52,WHITE HANGING HEART T-LIGHT HOLDER
C10233,533741,52,4.98,2011-02-10 08:41,RECYCLED ACRYLIC DROP EARRINGS
C10130,548671,3,3.1,2011-11-20 11:03,KNITTED UNION FLAG HOT WATER BOTTLE
C10381,511428,16,3.04,2011-05-30 13:57,CHILDRENS APRON DOLLY GIRL
C10381,548466,47,4.2,2011-01-22 17:50,CHILDRENS APRON DOLLY GIRL
C10464,565981,227,2.43,2011-11-19 16:26,ASSORTED COLOUR BIRD ORNAMENT
C10479,528302,199,4.45,2011-08-21 13:11,WHITE METAL LANTERN
C10250,530625,23,1.89,2011-10-29 13:06,CHILDRENS APRON DOLLY GIRL
C10486,569234,118,2.5,2011-07-05 13:31,VICTORIAN GLASS HANGING T-LIGHT
C10147,519742,10,1.58,2011-12-04 16:31,RED WOOLLY HOTTIE WHITE HEART
C10312,553160,59,4.68,2011-05-10 17:19,WHITE HANGING HEART T-LIGHT HOLDER
C10322,595016,11,2.14,2011-08-07 12:39,RECYCLED ACRYLIC DROP EARRINGS
C10195,551934,15,1.26,2010-12-19 16:51,CHILDRENS CUTLERY CIRCUS PARADE
C10511,565735,130,3.39,2011-07-13 10:35,WHITE HANGING HEART T-LIGHT HOLDER
C10457,549396,164,5.24,2011-11-30 16:17,CHILDRENS CUTLERY CIRCUS PARADE
C10505,547465,90,3.41,2011-11-21 08:51,MINI PAINT SET VINTAGE
C10374,511958,78,2.07,2011-01-08 10:36,GLASS STAR FROSTED T-LIGHT HOLDER
C10492,550744,201,2.11,2011-05-10 08:00,LUNCH BAG BLACK SKULL
C10505,594678,116,6.05,2011-01-07 15:54,LUNCH BAG PINK POLKADOT
C10304,527200,14,1.75,2011-02-22 09:13,VICTORIAN GLASS HANGING T-LIGHT
C10526,577767,78,2.57,2011-09-17 08:17,HAND WARMER UNION JACK
C10427,522074,59,5.55,2010-12-15 08:21,CHILDRENS CUTLERY CIRCUS PARADE
C10334,584593,17,4.95,2011-06-17 10:53,PACK OF 20 SPACEBOY NAPKINS
C10291,580328,53,4.95,2011-11-22 14:57,HAND WARMER RED POLKA DOT
C10383,571361,16,4.57,2011-02-09 17:29,WHITE METAL LANTERN
C10479,529895,92,3.94,2011-07-24 09:22,WHITE METAL LANTERN
C10516,544995,64,5.8,2011-05-22 12:34,RECYCLED ACRYLIC DROP EARRINGS
C10266,597194,53,3.2,2011-03-09 16:42,GLASS STAR FROSTED T-LIGHT HOLDER
C10337,529087,47,5.01,2010-12-23 08:08,POPCORN HOLDER
C10332,518579,39,3.6,2010-12-30 12:24,ZINC T-LIGHT HOLDER STARS SMALL
C10248,512441,56,1.57,2011-11-09 09:16,ASSORTED COLOUR BIRD ORNAMENT
C10267,556616,16,1.41,2011-10-08 11:36,RECYCLED ACRYLIC DROP EARRINGS
C10474,569245,86,5.22,2011-09-04 12:50,JAM MAKING SET WITH JARS
C10520,514807,168,5.31,2011-02-01 13:30,CHILDRENS APRON DOLLY GIRL
C10021,580008,4,3.95,2011-02-23 15:58,CREAM CUPID HEARTS COAT HANGER
C10310,554150,47,1.65,2011-10-11 12:23,CHILDRENS CUTLERY CIRCUS PARADE
C10425,536257,73,4.49,2011-02-16 13:04,PACK OF 20 SPACEBOY NAPKINS
C10316,560265,53,2.15,2011-04-27 15:24,HAND WARMER UNION JACK
C10517,510897,72,4.5,2011-02-04 17:47,PACK OF 12 LONDON TISSUES
C10092,547762,8,1.78,2011-03-21 10:35,HAND WARMER UNION JACK
C10248,527603,27,4.82,2011-06-01 10:42,LUNCH BAG BLACK SKULL
C10357,535571,56,2.45,2011-03-02 15:46,JUMBO BAG RED RETROSPOT
C10046,540613,5,2.93,2011-09-02 15:22,LUNCH BAG BLACK SKULL
C10282,532686,44,4.2,2011-05-04 16:29,POPCORN HOLDER
C10513,575012,145,2.97,2011-08-15 16:57,PACK OF 20 SPACEBOY NAPKINS
C10451,524375,233,2.66,2011-11-18 17:39,STRAWBERRY CERAMIC TRINKET BOX
C10187,596298,5,2.25,2011-10-04 17:46,WOODEN PICTURE FRAME WHITE FINISH
C10451,522321,292,4.29,2011-05-29 15:01,RED WOOLLY HOTTIE WHITE HEART
C10460,543841,85,1.67,2011-03-24 15:15,LUNCH BAG RED RETROSPOT
C10297,586037,51,3.28,2011-11-19 13:33,CHILDRENS APRON DOLLY GIRL
C10505,520558,89,2.61,2011-10-03 13:47,LUNCH BAG PINK POLKADOT
C10333,527527,11,5.13,2011-06-21 09:53,CHILDRENS CUTLERY CIRCUS PARADE
C10455,558356,279,3.22,2011-10-12 14:53,LUNCH BAG RED RETROSPOT
C10504,580802,83,2.78,2010-12-12 11:12,CHILDRENS APRON DOLLY GIRL
C10445,556254,230,1.97,2011-01-02 15:22,HAND WARMER RED POLKA DOT
C10379,528844,50,2.01,2011-03-15 09:05,CHILDRENS CUTLERY CIRCUS PARADE
C10124,571918,3,2.53,2011-10-12 17:15,POPCORN HOLDER
C10526,539870,136,7.9,2011-11-27 12:04,JUMBO BAG RED RETROSPOT
C10441,591735,156,5.09,2011-09-19 14:18,RED HARMONIA NOTEBOOK
C10335,584949,31,1.6,2011-07-21 08:27,CHILDRENS CUTLERY CIRCUS PARADE
C10411,599393,59,4.46,2011-03-13 10:18,SAVE THE PLANET MUG
C10313,531001,23,4.9,2011-11-09 11:16,LUNCH BAG PINK POLKADOT
C10477,527527,286,4.72,2011-04-01 10:41,LUNCH BAG RED RETROSPOT
C10010,555309,3,2.99,2011-06-23 16:21,MINI PAINT SET VINTAGE
C10353,559509,15,2.5,2011-06-10 10:45,WHITE METAL LANTERN
C10246,513113,57,4.17,2011-01-23 11:34,SET 7 BABUSHKA NESTING BOXES
C10452,541880,201,2.96,2011-03-04 11:21,PACK OF 20 SPACEBOY NAPKINS
C10116,576731,4,2.0,2011-05-23 16:23,POPCORN HOLDER
C10517,566280,145,2.57,2010-12-16 12:34,LUNCH BAG RED RETROSPOT
C10524,526427,118,4.89,2011-09-19 17:10,RECYCLED ACRYLIC DROP EARRINGS
C10115,591689,10,2.2,2011-03-10 13:35,JUMBO BAG RED RETROSPOT
C10504,579963,137,4.81,2011-11-20 09:42,CHILDRENS APRON DOLLY GIRL
C10427,534199,46,2.63,2011-10-03 16:10,MINI PAINT SET VINTAGE
C10523,590180,130,7.95,2011-11-06 09:36,MINI PAINT SET VINTAGE
C10275,515754,34,3.59,2011-06-20 14:20,LUNCH BAG BLACK SKULL
C10464,571785,299,2.68,2011-01-25 12:46,ZINC T-LIGHT HOLDER STARS SMALL
C10524,567883,62,5.6,2011-02-06 10:25,SET 7 BABUSHKA NESTING BOXES
C10367,548252,20,3.97,2011-11-21 11:47,LUNCH BAG BLACK SKULL
C10485,559959,159,5.2,2011-03-09 12:17,CHILDRENS APRON DOLLY GIRL
C10210,583873,16,2.41,2011-05-12 13:58,VICTORIAN GLASS HANGING T-LIGHT
C10393,516834,17,4.05,2011-05-18 08:15,JUMBO BAG RED RETROSPOT
C10522,587085,141,8.36,2011-09-08 08:06,RECYCLED ACRYLIC DROP EARRINGS
C10282,585260,52,1.58,2011-05-28 17:36,ASSORTED COLOUR BIRD ORNAMENT
C10458,597164,180,4.87,2011-10-09 10:21,WHITE METAL LANTERN
C10358,597914,57,2.85,2010-12-27 09:32,JAM MAKING SET WITH JARS
C10319,566670,17,2.52,2011-11-28 15:29,WHITE HANGING HEART T-LIGHT HOLDER
C10294,569394,31,3.87,2010-12-28 11:07,MINI PAINT SET VINTAGE
C10498,544704,63,8.49,2011-06-03 11:27,ZINC T-LIGHT HOLDER STARS SMALL
C10505,545128,131,4.98,2011-09-10 14:51,SAVE THE PLANET MUG
C10487,574389,277,3.53,2011-08-03 13:14,WOODEN PICTURE FRAME WHITE FINISH
C10367,577213,16,5.47,2011-08-15 08:10,POPCORN HOLDER
C10376,555780,53,2.37,2011-02-11 09:17,SET 7 BABUSHKA NESTING BOXES
C10278,598892,43,2.52,2011-05-20 13:25,KNITTED UNION FLAG HOT WATER BOTTLE
C10324,589396,21,2.1,2011-01-14 15:08,ZINC T-LIGHT HOLDER STARS SMALL
C10055,580701,5,1.83,2011-02-06 09:58,LUNCH BAG BLACK SKULL
C10411,537611,34,3.99,2011-03-07 12:56,WHITE METAL LANTERN
C10390,570076,74,5.49,2010-12-22 13:08,RED HARMONIA NOTEBOOK
C10260,510012,19,2.54,2011-09-03 10:37,PACK OF 20 SPACEBOY NAPKINS
C10443,596074,166,1.42,2011-05-14 12:45,PACK OF 20 SPACEBOY NAPKINS
C10413,598440,56,5.56,2011-04-05 10:43,CHILDRENS APRON DOLLY GIRL
C10396,571137,17,3.56,2011-10-15 14:55,RECYCLED ACRYLIC DROP EARRINGS
C10256,545311,45,2.37,2011-09-21 12:31,WHITE METAL LANTERN
C10432,536496,38,4.94,2011-03-18 16:49,ZINC T-LIGHT HOLDER STARS SMALL
C10448,564386,86,4.1,2010-12-29 16:01,CHILDRENS CUTLERY CIRCUS PARADE
C10515,587823,153,5.22,2011-09-11 14:50,WHITE HANGING HEART T-LIGHT HOLDER
C10470,583126,239,4.22,2011-11-19 08:38,CHILDRENS CUTLERY CIRCUS PARADE
C10249,576900,18,3.22,2011-09-05 16:30,PACK OF 20 SPACEBOY NAPKINS
C10204,543924,7,1.81,2011-03-24 10:12,JUMBO BAG RED RETROSPOT
C10423,561126,20,5.05,2011-05-31 10:29,CHILDRENS APRON DOLLY GIRL
C10469,510649,157,5.06,2011-08-24 16:26,ZINC T-LIGHT HOLDER STARS SMALL
C10010,544795,6,1.95,2010-12-15 09:56,STRAWBERRY CERAMIC TRINKET BOX
C10347,511908,11,3.04,2011-10-22 16:41,BAKING SET 9 PIECE RETROSPOT
C10317,554456,42,3.34,2010-12-24 08:16,GLASS STAR FROSTED T-LIGHT HOLDER
C10421,519575,55,5.09,2010-12-29 15:36,CHILDRENS APRON DOLLY GIRL
C10480,530469,146,5.25,2011-05-22 08:36,WHITE HANGING HEART T-LIGHT HOLDER
C10448,589641,293,2.11,2011-02-20 09:48,ASSORTED COLOUR BIRD ORNAMENT
C10443,559809,131,5.09,2011-09-17 13:56,LUNCH BAG BLACK SKULL
C10514,580849,73,3.15,2010-12-26 15:00,RED HARMONIA NOTEBOOK
C10425,538473,44,5.72,2011-07-21 16:49,PACK OF 20 SPACEBOY NAPKINS
C10526,537823,183,4.07,2011-04-17 13:27,LUNCH BAG PINK POLKADOT
C10233,543902,16,3.25,2011-07-03 14:24,MINI PAINT SET VINTAGE
C10344,548987,39,2.72,2011-01-16 12:41,RED HARMONIA NOTEBOOK
C10271,575700,25,5.48,2011-11-04 12:42,HAND WARMER RED POLKA DOT
C10282,519123,29,5.31,2011-06-26 09:20,BAKING SET 9 PIECE RETROSPOT
C10462,535227,236,4.08,2011-02-25 10:41,RECYCLED ACRYLIC DROP EARRINGS
C10509,570727,86,6.3,2011-10-26 08:01,JAM MAKING SET WITH JARS
C10473,587150,269,1.35,2011-02-25 17:20,SAVE THE PLANET MUG
C10500,540030,174,6.51,2011-03-13 13:28,KNITTED UNION FLAG HOT WATER BOTTLE
C10271,512816,45,5.19,2011-01-25 08:18,JUMBO BAG RED RETROSPOT
C10453,584188,162,5.11,2011-06-30 13:14,ASSORTED COLOUR BIRD ORNAMENT
C10248,533038,41,3.59,2011-09-24 15:21,HAND WARMER RED POLKA DOT
C10463,561196,294,3.28,2011-07-17 10:09,CHILDRENS CUTLERY CIRCUS PARADE
C10295,571018,27,1.83,2011-06-02 12:12,SAVE THE PLANET MUG
C10411,559533,56,3.27,2011-10-25 16:28,RED HARMONIA NOTEBOOK
C10445,596739,191,4.61,2011-09-28 13:44,PACK OF 20 SPACEBOY NAPKINS
C10460,536750,121,5.1,2011-04-15 12:57,LUNCH BAG RED RETROSPOT
C10331,523019,26,1.64,2011-04-20 11:15,PACK OF 12 LONDON TISSUES
C10370,597460,69,2.3,2011-04-26 11:58,POPCORN HOLDER
C10326,599243,36,2.96,2011-03-27 10:51,MINI PAINT SET VINTAGE
C10391,519552,19,5.33,2011-02-20 11:06,RECYCLED ACRYLIC DROP EARRINGS
C10471,538394,98,5.17,2011-05-26 14:56,LUNCH BAG RED RETROSPOT
C10423,567425,50,3.99,2011-06-20 14:00,LUNCH BAG PINK POLKADOT
C10217,523726,5,1.38,2011-11-17 11:10,PACK OF 20 SPACEBOY NAPKINS
C10421,524617,70,5.4,2011-04-04 17:48,ASSORTED COLOUR BIRD ORNAMENT
C10282,573225,45,1.93,2011-02-04 16:06,ASSORTED COLOUR BIRD ORNAMENT
C10448,557308,231,4.73,2011-09-06 08:33,ASSORTED COLOUR BIRD ORNAMENT
C10273,563554,22,2.21,2011-08-15 17:30,WHITE HANGING HEART T-LIGHT HOLDER
C10518,536559,63,8.42,2011-04-24 09:49,CHILDRENS CUTLERY CIRCUS PARADE
C10226,583752,8,2.38,2011-02-15 10:36,LUNCH BAG RED RETROSPOT
C10424,577143,22,5.62,2011-03-20 10:20,RECYCLED ACRYLIC DROP EARRINGS
C10270,559362,54,4.09,2011-12-08 09:07,CREAM CUPID HEARTS COAT HANGER
C10428,525442,48,4.02,2010-12-18 14:40,PACK OF 12 LONDON TISSUES
C10434,532458,70,1.93,2011-08-01 16:20,VICTORIAN GLASS HANGING T-LIGHT
C10518,581657,176,7.14,2010-12-08 08:26,CHILDRENS CUTLERY CIRCUS PARADE
C10528,530474,73,8.13,2011-10-31 16:05,MINI PAINT SET VINTAGE
C10240,569796,23,4.03,2011-01-16 17:39,HAND WARMER UNION JACK
C10467,579248,264,4.33,2011-04-12 10:35,VICTORIAN GLASS HANGING T-LIGHT
C10397,589556,33,1.76,2011-11-16 16:55,CREAM CUPID HEARTS COAT HANGER
C10468,588128,266,2.46,2011-05-11 09:25,CHILDRENS CUTLERY CIRCUS PARADE
C10524,549257,198,6.34,2011-01-31 15:51,CHILDRENS CUTLERY CIRCUS PARADE
C10503,542592,84,2.7,2011-01-28 11:46,CHILDRENS CUTLERY CIRCUS PARADE
C10022,559692,7,2.34,2011-07-25 10:03,STRAWBERRY CERAMIC TRINKET BOX
C10472,512979,276,4.56,2011-06-11 16:03,ASSORTED COLOUR BIRD ORNAMENT
C10233,549347,52,2.77,2010-12-30 17:25,MINI PAINT SET VINTAGE
C10128,562538,10,2.32,2011-11-11 11:11,WHITE HANGING HEART T-LIGHT HOLDER
C10377,591313,70,4.41,2011-11-11 14:16,BAKING SET 9 PIECE RETROSPOT
C10509,521980,82,6.45,2011-09-18 08:32,CHILDRENS CUTLERY CIRCUS PARADE
C10507,531895,144,7.45,2011-10-12 10:42,PACK OF 20 SPACEBOY NAPKINS
C10235,518557,47,2.55,2010-12-10 08:40,SAVE THE PLANET MUG
C10472,531531,198,1.3,2011-10-10 12:05,BAKING SET 9 PIECE RETROSPOT
C10386,553743,60,2.96,2010-12-09 17:43,PACK OF 20 SPACEBOY NAPKINS
C10514,571029,154,2.97,2011-10-01 13:49,SET 7 BABUSHKA NESTING BOXES
C10319,533332,15,2.95,2011-03-19 08:51,POPCORN HOLDER
C10356,580555,16,2.93,2011-05-24 17:59,SET OF 4 PANTRY JELLY MOULDS
C10329,518855,17,3.58,2011-06-08 17:18,ZINC T-LIGHT HOLDER STARS SMALL
C10369,526131,49,4.38,2011-12-08 08:38,PACK OF 12 LONDON TISSUES
C10438,560449,21,5.86,2010-12-13 15:06,LUNCH BAG RED RETROSPOT
C10484,524804,98,2.16,2011-04-15 17:27,LUNCH BAG PINK POLKADOT
C10268,538940,19,2.64,2011-09-19 14:36,HAND WARMER UNION JACK
C10490,556990,190,5.0,2011-09-10 10:24,WHITE METAL LANTERN
C10405,553572,28,4.45,2011-07-23 11:06,PACK OF 20 SPACEBOY NAPKINS
C10140,555143,9,1.62,2011-01-01 16:37,HAND WARMER UNION JACK
C10240,523935,45,3.47,2011-09-12 16:00,GLASS STAR FROSTED T-LIGHT HOLDER
C10510,562099,91,6.05,2011-09-24 12:44,BAKING SET 9 PIECE RETROSPOT
C10452,582487,105,1.98,2011-11-28 16:57,SET 7 BABUSHKA NESTING BOXES
C10477,521776,176,4.39,2011-10-28 11:04,HAND WARMER RED POLKA DOT
C10506,575251,195,8.07,2011-06-28 10:52,CHILDRENS CUTLERY CIRCUS PARADE
C10424,514205,17,4.11,2011-06-03 15:47,HAND WARMER UNION JACK
C10253,596413,18,4.88,2011-03-15 14:35,HAND WARMER UNION JACK
C10363,544701,53,3.75,2011-01-08 13:53,SAVE THE PLANET MUG
C10386,599006,37,2.8,2011-08-09 13:34,PACK OF 20 SPACEBOY NAPKINS
C10412,528541,54,5.1,2011-07-28 16:11,WHITE HANGING HEART T-LIGHT HOLDER
C10314,568117,51,2.03,2010-12-15 08:41,PACK OF 20 SPACEBOY NAPKINS
C10312,587264,38,2.99,2011-12-06 10:15,RED WOOLLY HOTTIE WHITE HEART
C10363,534400,59,5.52,2011-10-08 08:38,PACK OF 20 SPACEBOY NAPKINS
C10513,527557,141,5.2,2011-01-27 13:12,LUNCH BAG PINK POLKADOT
C10029,572402,10,3.4,2011-11-25 12:35,SET OF 4 PANTRY JELLY MOULDS
C10509,559522,127,8.14,2010-12-25 08:13,GLASS STAR FROSTED T-LIGHT HOLDER
C10052,555293,3,2.6,2010-12-05 15:57,PACK OF 12 LONDON TISSUES
C10291,550334,60,3.55,2011-01-24 13:31,JUMBO BAG RED RETROSPOT
C10385,531842,55,4.61,2011-03-15 13:40,BAKING SET 9 PIECE RETROSPOT
C10283,518180,18,4.87,2011-05-12 12:36,PACK OF 12 LONDON TISSUES
C10509,531787,139,3.81,2011-08-03 08:41,KNITTED UNION FLAG HOT WATER BOTTLE
C10423,593837,22,2.09,2011-06-10 08:20,LUNCH BAG PINK POLKADOT
C10494,538116,112,5.24,2010-12-02 12:22,CHILDRENS CUTLERY CIRCUS PARADE
C10520,598043,133,6.73,2011-09-26 14:54,RED HARMONIA NOTEBOOK
C10498,596217,195,4.98,2011-07-21 14:37,WHITE METAL LANTERN
C10490,520310,177,1.31,2011-10-13 15:02,WHITE METAL LANTERN
C10345,576112,14,4.46,2011-08-10 14:48,RED WOOLLY HOTTIE WHITE HEART
C10443,591811,113,4.96,2011-06-08 09:11,RED WOOLLY HOTTIE WHITE HEART
C10419,526260,71,3.51,2011-01-05 08:47,GLASS STAR FROSTED T-LIGHT HOLDER
C10490,587948,176,1.35,2011-08-31 17:36,WHITE METAL LANTERN
C10483,588077,224,1.61,2011-08-20 17:32,ZINC T-LIGHT HOLDER STARS SMALL
C10353,510947,10,1.51,2011-08-09 08:06,HAND WARMER RED POLKA DOT
C10373,584727,49,2.02,2011-01-24 09:13,SET OF 4 PANTRY JELLY MOULDS
C10505,559482,145,6.18,2011-03-31 13:44,STRAWBERRY CERAMIC TRINKET BOX
C10372,517339,42,3.39,2011-11-26 10:24,HAND WARMER RED POLKA DOT
C10448,514719,90,2.1,2011-01-05 15:25,CHILDRENS CUTLERY CIRCUS PARADE
C10442,530946,105,4.66,2011-03-12 10:26,LUNCH BAG BLACK SKULL
C10258,563054,50,3.85,2011-11-10 16:31,KNITTED UNION FLAG HOT WATER BOTTLE
C10506,533989,95,2.95,2011-10-25 09:11,CREAM CUPID HEARTS COAT HANGER
C10502,569099,116,4.15,2011-06-02 10:36,CHILDRENS CUTLERY CIRCUS PARADE
C10395,560323,50,5.37,2011-03-31 15:41,GLASS STAR FROSTED T-LIGHT HOLDER
C10474,589918,235,2.69,2011-02-03 08:54,VICTORIAN GLASS HANGING T-LIGHT
C10178,592890,20,1.08,2011-02-13 13:53,STRAWBERRY CERAMIC TRINKET BOX
C10325,510863,38,5.37,2011-09-12 12:57,WOODEN PICTURE FRAME WHITE FINISH
C10521,523574,58,4.75,2011-11-20 10:22,RED HARMONIA NOTEBOOK
C10529,570816,152,5.84,2011-11-23 14:16,LUNCH BAG BLACK SKULL
C10389,593387,30,3.53,2011-09-14 15:08,PACK OF 20 SPACEBOY NAPKINS
C10343,530811,55,4.08,2011-09-10 10:02,VICTORIAN GLASS HANGING T-LIGHT
C10475,585051,129,3.57,2010-12-16 13:48,WOODEN PICTURE FRAME WHITE FINISH
C10479,575518,133,4.17,2011-03-31 14:41,WHITE METAL LANTERN
C10344,561583,54,3.67,2011-10-06 11:33,PACK OF 20 SPACEBOY NAPKINS
C10300,567947,19,4.65,2011-05-04 09:58,WOODEN PICTURE FRAME WHITE FINISH
C10466,588539,199,1.36,2011-09-08 10:52,CHILDRENS CUTLERY CIRCUS PARADE
C10450,569083,171,3.99,2011-02-28 17:25,LUNCH BAG PINK POLKADOT
C10276,525993,28,3.25,2011-10-14 16:52,WHITE METAL LANTERN
C10237,548712,32,4.24,2011-01-23 16:46,LUNCH BAG RED RETROSPOT
C10287,568827,28,5.19,2011-07-26 14:30,KNITTED UNION FLAG HOT WATER BOTTLE
C10319,595729,51,4.45,2011-11-02 08:21,POPCORN HOLDER
C10488,513943,248,3.59,2011-08-31 13:44,ZINC T-LIGHT HOLDER STARS SMALL
C10453,575136,126,5.02,2011-10-25 08:23,PACK OF 12 LONDON TISSUES
C10167,554967,8,0.89,2011-01-04 12:02,LUNCH BAG BLACK SKULL
C10488,586850,228,3.06,2011-01-03 15:38,SET 7 BABUSHKA NESTING BOXES
C10500,596506,132,3.39,2011-04-12 14:30,RED HARMONIA NOTEBOOK
C10447,524122,193,4.47,2011-03-10 16:51,LUNCH BAG PINK POLKADOT
C10471,576719,277,2.57,2011-11-05 09:09,LUNCH BAG BLACK SKULL
C10353,513888,27,1.52,2011-07-02 12:46,HAND WARMER RED POLKA DOT
C10361,550180,37,3.94,2011-06-09 17:42,SET 7 BABUSHKA NESTING BOXES
C10481,546198,105,3.16,2010-12-02 09:02,HAND WARMER UNION JACK
C10515,525901,195,8.5,2011-10-07 16:56,HAND WARMER UNION JACK
C10245,552065,12,4.15,2011-08-16 10:26,WHITE METAL LANTERN
C10222,529808,13,1.78,2010-12-23 12:28,LUNCH BAG BLACK SKULL
C10520,594045,173,5.69,2011-07-18 15:21,WHITE METAL LANTERN
C10311,543868,27,1.83,2011-10-23 16:51,HAND WARMER UNION JACK
C10489,573253,273,1.45,2010-12-16 16:53,MINI PAINT SET VINTAGE
C10302,547940,21,4.79,2011-04-19 14:11,LUNCH BAG PINK POLKADOT
C10311,549357,57,4.16,2010-12-10 16:55,MINI PAINT SET VINTAGE
C10447,592429,176,3.59,2011-08-16 12:15,WOODEN PICTURE FRAME WHITE FINISH
C10408,521971,44,5.95,2011-02-25 08:50,PACK OF 12 LONDON TISSUES
C10420,559790,76,2.41,2011-06-04 12:19,WHITE HANGING HEART T-LIGHT HOLDER
C10469,566333,171,1.47,2010-12-29 16:56,ZINC T-LIGHT HOLDER STARS SMALL
C10446,541066,261,3.77,2011-04-28 10:15,RED WOOLLY HOTTIE WHITE HEART
C10479,529557,103,1.35,2010-12-09 12:19,RED HARMONIA NOTEBOOK
C10474,590481,177,4.57,2011-09-04 14:46,VICTORIAN GLASS HANGING T-LIGHT
C10002,569929,12,3.11,2011-09-16 16:20,VICTORIAN GLASS HANGING T-LIGHT
C10179,522208,23,0.85,2011-08-21 12:44,LUNCH BAG BLACK SKULL
C10187,576784,11,1.7,2011-10-08 12:49,WOODEN PICTURE FRAME WHITE FINISH
C10517,592040,177,6.82,2011-03-01 13:22,WOODEN PICTURE FRAME WHITE FINISH
C10504,586668,60,7.32,2011-10-25 13:13,CHILDRENS CUTLERY CIRCUS PARADE
C10530,595411,172,3.42,2011-04-06 09:20,LUNCH BAG RED RETROSPOT
C10426,530641,62,4.34,2011-10-06 13:47,SAVE THE PLANET MUG
C10450,598166,276,2.49,2010-12-01 08:55,LUNCH BAG PINK POLKADOT
C10305,522648,29,4.09,2010-12-31 15:07,CHILDRENS APRON DOLLY GIRL
C10398,596402,21,4.29,2011-06-07 08:18,LUNCH BAG PINK POLKADOT
C10240,539218,33,4.76,2011-03-31 09:29,JUMBO BAG RED RETROSPOT
C10440,534112,79,1.93,2010-12-08 10:21,SET OF 4 PANTRY JELLY MOULDS
C10498,551515,79,4.31,2011-06-08 17:30,JUMBO BAG RED RETROSPOT
C10274,534884,50,5.34,2011-01-25 15:29,RED HARMONIA NOTEBOOK
C10423,519697,29,3.7,2011-06-25 08:26,LUNCH BAG PINK POLKADOT
C10202,556627,7,2.02,2011-11-17 12:52,HAND WARMER UNION JACK
C10410,542339,73,2.0,2011-12-01 10:45,CHILDRENS APRON DOLLY GIRL
C10502,553307,161,3.99,2011-03-12 08:37,CHILDRENS CUTLERY CIRCUS PARADE
C10326,555109,56,4.41,2011-06-24 10:27,JAM MAKING SET WITH JARS
C10231,516507,28,1.37,2011-06-09 15:38,KNITTED UNION FLAG HOT WATER BOTTLE
C10424,521498,35,5.12,2011-11-12 12:16,HAND WARMER UNION JACK
C10527,513959,200,4.25,2011-03-16 17:26,MINI PAINT SET VINTAGE
C10260,566418,29,1.29,2011-10-22 17:27,MINI PAINT SET VINTAGE
C10223,540886,20,1.79,2011-01-01 14:52,WOODEN PICTURE FRAME WHITE FINISH
C10112,530932,5,3.91,2011-04-06 10:06,LUNCH BAG BLACK SKULL
C10512,585892,166,3.2,2011-10-13 08:45,LUNCH BAG BLACK SKULL
C10450,558932,109,2.63,2011-06-10 13:46,LUNCH BAG PINK POLKADOT
C10528,512433,105,4.95,2011-10-30 12:53,CHILDRENS APRON DOLLY GIRL
C10477,593535,188,3.16,2011-01-29 13:55,SET OF 4 PANTRY JELLY MOULDS
C10496,591955,125,5.72,2011-05-30 16:50,MINI PAINT SET VINTAGE
C10372,522050,35,2.83,2011-09-24 09:30,JAM MAKING SET WITH JARS
C10361,545815,61,5.61,2011-03-15 09:40,SET OF 4 PANTRY JELLY MOULDS
C10069,582910,3,2.38,2011-10-04 12:22,HAND WARMER RED POLKA DOT
C10225,591665,5,2.15,2011-12-08 09:05,CHILDRENS CUTLERY CIRCUS PARADE
C10509,527947,161,7.73,2011-01-27 11:27,WHITE HANGING HEART T-LIGHT HOLDER
C10318,586486,52,3.74,2011-07-15 13:45,WOODEN PICTURE FRAME WHITE FINISH
C10509,574107,107,4.38,2011-06-18 14:06,CHILDRENS CUTLERY CIRCUS PARADE
C10269,578714,49,5.49,2011-04-14 09:25,GLASS STAR FROSTED T-LIGHT HOLDER
C10449,584463,157,3.14,2010-12-13 12:00,STRAWBERRY CERAMIC TRINKET BOX
C10511,527777,133,2.87,2011-11-16 13:10,VICTORIAN GLASS HANGING T-LIGHT
C10280,591650,17,1.31,2011-02-06 11:46,CHILDRENS CUTLERY CIRCUS PARADE
C10454,551512,85,3.6,2011-03-03 09:23,HAND WARMER UNION JACK
C10302,530188,11,4.61,2011-09-29 14:05,HAND WARMER RED POLKA DOT
C10450,592928,233,2.7,2011-04-16 08:42,LUNCH BAG PINK POLKADOT
C10230,536309,10,1.17,2011-06-25 10:49,ZINC T-LIGHT HOLDER STARS SMALL
C10294,566973,33,2.46,2010-12-23 08:41,POPCORN HOLDER
C10216,556036,20,2.3,2011-04-11 09:46,KNITTED UNION FLAG HOT WATER BOTTLE
C10510,572700,141,5.05,2011-07-25 09:22,SET OF 4 PANTRY JELLY MOULDS
C10517,523311,91,8.14,2011-07-23 09:01,POPCORN HOLDER
C10057,598125,7,3.18,2011-06-21 08:16,WHITE METAL LANTERN
C10171,564819,9,1.69,2011-09-29 09:43,CHILDRENS CUTLERY CIRCUS PARADE
C10197,574665,16,1.83,2011-09-15 12:47,HAND WARMER RED POLKA DOT
C10168,596154,10,1.16,2011-03-29 14:40,CREAM CUPID HEARTS COAT HANGER
C10399,569515,40,5.56,2011-07-18 14:14,GLASS STAR FROSTED T-LIGHT HOLDER
C10419,596053,36,3.24,2011-06-22 08:23,LUNCH BAG BLACK SKULL
C10212,596787,7,1.47,2011-05-15 08:01,CHILDRENS CUTLERY CIRCUS PARADE
C10281,557638,49,2.35,2011-09-30 15:39,WOODEN PICTURE FRAME WHITE FINISH
C10337,554944,40,2.56,2011-03-06 11:08,WHITE HANGING HEART T-LIGHT HOLDER
C10395,555587,19,4.01,2011-07-21 09:01,SET OF 4 PANTRY JELLY MOULDS
C10530,566441,75,8.12,2011-03-15 16:51,WHITE HANGING HEART T-LIGHT HOLDER
C10410,562844,16,5.74,2010-12-09 13:53,CHILDRENS CUTLERY CIRCUS PARADE
C10399,547602,32,4.28,2011-04-03 15:46,CREAM CUPID HEARTS COAT HANGER
C10062,588116,7,3.44,2011-09-16 11:04,WHITE METAL LANTERN
C10480,531227,111,2.79,2011-06-06 13:46,MINI PAINT SET VINTAGE
C10268,511498,51,4.86,2011-05-03 08:46,BAKING SET 9 PIECE RETROSPOT
C10143,525376,5,3.91,2011-09-27 16:13,SET 7 BABUSHKA NESTING BOXES
C10421,542997,73,5.97,2011-08-25 11:15,ASSORTED COLOUR BIRD ORNAMENT
C10453,596639,254,3.82,2011-03-26 10:30,PACK OF 20 SPACEBOY NAPKINS
C10522,589118,190,4.45,2011-01-11 14:59,WHITE METAL LANTERN
C10516,552459,67,4.68,2011-01-12 16:27,JAM MAKING SET WITH JARS
C10528,548697,52,6.91,2011-10-19 12:02,HAND WARMER UNION JACK
C10268,517094,59,3.94,2011-05-16 15:11,KNITTED UNION FLAG HOT WATER BOTTLE
C10495,561456,109,1.63,2011-02-19 13:20,ZINC T-LIGHT HOLDER STARS SMALL
C10134,555158,3,1.61,2010-12-02 11:37,SAVE THE PLANET MUG
C10484,521689,239,4.79,2011-04-04 14:17,LUNCH BAG RED RETROSPOT
C10525,578907,122,3.81,2011-04-20 09:18,CHILDRENS APRON DOLLY GIRL
C10507,536718,148,6.54,2011-03-07 09:00,PACK OF 20 SPACEBOY NAPKINS
C10527,545530,146,8.22,2011-10-13 16:48,MINI PAINT SET VINTAGE
C10286,573559,60,4.23,2011-04-11 08:47,ASSORTED COLOUR BIRD ORNAMENT
C10483,525760,216,1.84,2011-01-06 16:59,HAND WARMER UNION JACK
C10414,526874,16,2.35,2011-01-12 13:43,CREAM CUPID HEARTS COAT HANGER
C10128,563148,11,3.64,2011-05-22 12:36,WHITE HANGING HEART T-LIGHT HOLDER
C10460,599795,247,2.1,2010-12-25 09:51,GLASS STAR FROSTED T-LIGHT HOLDER
C10177,563948,9,2.44,2011-04-29 12:36,SET OF 4 PANTRY JELLY MOULDS
C10433,582250,71,3.45,2011-11-05 14:54,SET OF 4 PANTRY JELLY MOULDS
C10342,589670,50,4.65,2011-09-12 08:23,PACK OF 12 LONDON TISSUES
C10094,515706,8,3.68,2011-11-08 09:33,PACK OF 12 LONDON TISSUES
C10422,550027,42,2.99,2011-03-04 15:00,MINI PAINT SET VINTAGE
C10499,529445,104,7.96,2011-03-22 14:33,JAM MAKING SET WITH JARS
C10426,542636,56,1.85,2011-06-23 11:13,LUNCH BAG BLACK SKULL
C10295,542329,10,4.35,2011-10-09 15:11,GLASS STAR FROSTED T-LIGHT HOLDER
C10266,530732,42,2.68,2011-08-30 14:12,GLASS STAR FROSTED T-LIGHT HOLDER
C10333,552157,25,4.06,2011-02-21 16:36,CHILDRENS CUTLERY CIRCUS PARADE
C10363,590969,19,5.72,2011-06-13 10:23,PACK OF 20 SPACEBOY NAPKINS
C10336,540554,49,4.45,2011-05-20 16:50,LUNCH BAG PINK POLKADOT
C10484,546492,122,2.78,2011-10-24 12:53,RED WOOLLY HOTTIE WHITE HEART
C10452,521321,110,1.35,2011-06-11 08:19,SET 7 BABUSHKA NESTING BOXES
C10341,589171,27,2.06,2011-04-21 11:06,RED WOOLLY HOTTIE WHITE HEART
C10383,517899,24,5.88,2011-02-01 16:33,ZINC T-LIGHT HOLDER STARS SMALL
C10463,546612,153,1.85,2011-04-20 15:42,ZINC T-LIGHT HOLDER STARS SMALL
C10308,566414,58,1.38,2011-01-20 08:53,POPCORN HOLDER
C10016,597500,4,3.5,2011-11-22 16:29,RECYCLED ACRYLIC DROP EARRINGS
C10476,568953,186,4.62,2011-06-05 11:25,SET OF 4 PANTRY JELLY MOULDS
C10481,547712,100,5.37,2011-04-25 14:53,RED WOOLLY HOTTIE WHITE HEART
C10515,542593,190,5.61,2011-09-01 17:59,HAND WARMER UNION JACK
C10515,536424,185,8.1,2011-01-16 10:51,ZINC T-LIGHT HOLDER STARS SMALL
C10514,520784,200,4.12,2011-07-25 09:12,JUMBO BAG RED RETROSPOT
C10506,525565,129,7.15,2011-08-21 08:41,CHILDRENS CUTLERY CIRCUS PARADE
C10523,517782,134,4.56,2010-12-18 17:14,WHITE HANGING HEART T-LIGHT HOLDER
C10275,557571,55,3.16,2011-02-02 09:07,STRAWBERRY CERAMIC TRINKET BOX
C10459,599175,134,1.88,2011-07-31 08:23,GLASS STAR FROSTED T-LIGHT HOLDER
C10254,530636,25,4.03,2010-12-06 11:54,MINI PAINT SET VINTAGE
C10501,581402,151,4.34,2011-10-14 14:29,SAVE THE PLANET MUG
C10515,510195,141,7.92,2011-08-21 14:08,JAM MAKING SET WITH JARS
C10238,513777,59,2.77,2011-11-12 13:27,SAVE THE PLANET MUG
C10429,549320,74,3.05,2011-08-16 10:25,LUNCH BAG BLACK SKULL
C10263,530669,59,1.63,2010-12-22 17:50,LUNCH BAG RED RETROSPOT
C10496,529564,62,4.16,2011-10-28 17:46,MINI PAINT SET VINTAGE
C10518,556501,89,7.06,2011-10-23 14:53,CHILDRENS CUTLERY CIRCUS PARADE
C10133,577272,2,2.63,2011-01-16 16:28,PACK OF 12 LONDON TISSUES
C10510,582983,94,7.37,2011-04-12 15:29,SAVE THE PLANET MUG
C10527,530174,175,3.22,2011-02-09 10:53,WHITE HANGING HEART T-LIGHT HOLDER
C10338,544340,28,1.99,2011-03-05 08:23,LUNCH BAG PINK POLKADOT
C10107,552291,6,1.91,2011-09-09 17:11,BAKING SET 9 PIECE RETROSPOT
C10304,588335,38,5.03,2011-08-06 14:21,BAKING SET 9 PIECE RETROSPOT
C10195,525650,7,1.79,2011-12-01 14:14,CHILDRENS CUTLERY CIRCUS PARADE
C10361,589116,70,3.3,2011-01-12 12:43,SET OF 4 PANTRY JELLY MOULDS
C10484,542543,273,5.48,2011-04-29 08:56,POPCORN HOLDER
C10366,535127,34,1.84,2011-10-29 12:13,CHILDRENS APRON DOLLY GIRL
C10516,550507,86,7.06,2010-12-12 17:52,STRAWBERRY CERAMIC TRINKET BOX
C10459,554952,241,2.78,2011-05-26 09:03,LUNCH BAG RED RETROSPOT
C10482,518621,250,5.49,2010-12-02 13:15,ASSORTED COLOUR BIRD ORNAMENT
C10528,534097,136,8.21,2010-12-16 16:40,HAND WARMER UNION JACK
C10444,572396,240,3.5,2011-01-13 13:55,ASSORTED COLOUR BIRD ORNAMENT
C10487,575989,257,4.44,2011-01-25 15:37,MINI PAINT SET VINTAGE
C10530,535346,100,5.59,2011-10-26 13:53,RECYCLED ACRYLIC DROP EARRINGS
C10288,535307,56,2.45,2011-11-10 17:49,SET OF 4 PANTRY JELLY MOULDS
C10250,555224,32,4.72,2011-06-08 11:02,HAND WARMER UNION JACK
C10508,523891,171,4.07,2011-11-11 08:45,HAND WARMER RED POLKA DOT
C10473,552977,137,3.92,2011-07-03 10:36,HAND WARMER UNION JACK
C10231,512628,51,2.99,2011-08-16 14:40,HAND WARMER UNION JACK
C10484,579102,181,3.29,2011-02-20 13:37,CHILDRENS APRON DOLLY GIRL
C10293,540885,36,1.27,2011-09-24 08:08,JUMBO BAG RED RETROSPOT
C10021,596900,8,2.98,2011-11-13 14:46,CREAM CUPID HEARTS COAT HANGER
C10275,568491,36,2.56,2011-07-21 17:57,SAVE THE PLANET MUG
C10099,568447,12,2.24,2011-10-05 10:34,SAVE THE PLANET MUG
C10386,521701,61,2.55,2011-05-05 13:28,PACK OF 20 SPACEBOY NAPKINS
C10444,539847,127,4.86,2011-10-13 09:09,ASSORTED COLOUR BIRD ORNAMENT
C10343,550600,18,4.95,2011-07-20 12:05,VICTORIAN GLASS HANGING T-LIGHT
C10466,542192,80,4.06,2011-09-09 09:21,CHILDRENS APRON DOLLY GIRL
C10301,565552,38,2.48,2011-07-17 09:32,RED HARMONIA NOTEBOOK
C10043,511792,4,2.28,2011-04-27 15:56,SET 7 BABUSHKA NESTING BOXES
C10515,552734,82,7.5,2011-01-24 09:36,JAM MAKING SET WITH JARS
C10486,524208,259,2.48,2011-04-20 16:39,VICTORIAN GLASS HANGING T-LIGHT
C10508,582515,55,5.87,2011-02-08 17:55,KNITTED UNION FLAG HOT WATER BOTTLE
C10374,543557,48,5.94,2011-08-25 13:28,JAM MAKING SET WITH JARS
C10323,594696,41,3.9,2011-08-20 17:46,VICTORIAN GLASS HANGING T-LIGHT
C10504,551504,66,3.58,2011-09-24 16:49,SET 7 BABUSHKA NESTING BOXES
C10512,569464,187,6.99,2011-12-04 17:25,LUNCH BAG BLACK SKULL
C10494,514359,172,2.9,2011-05-31 17:43,JUMBO BAG RED RETROSPOT
C10500,510069,97,2.86,2011-11-28 12:34,RED HARMONIA NOTEBOOK
C10037,544816,12,1.87,2011-10-17 17:42,PACK OF 12 LONDON TISSUES
C10261,580119,11,1.9,2011-04-17 14:12,SET 7 BABUSHKA NESTING BOXES
C10278,570616,44,5.06,2011-01-04 12:19,SET 7 BABUSHKA NESTING BOXES
C10183,578084,9,1.83,2011-03-20 15:04,ASSORTED COLOUR BIRD ORNAMENT
C10472,597770,291,3.43,2011-10-23 12:17,WHITE METAL LANTERN
C10064,524293,7,2.78,2011-01-02 15:28,JAM MAKING SET WITH JARS
C10468,564397,230,1.7,2011-02-11 09:05,CHILDRENS CUTLERY CIRCUS PARADE
C10102,575410,2,3.34,2011-08-29 13:25,RECYCLED ACRYLIC DROP EARRINGS
C10334,589433,12,2.44,2011-04-23 13:12,KNITTED UNION FLAG HOT WATER BOTTLE
C10493,523122,105,5.29,2011-03-16 17:11,SET 7 BABUSHKA NESTING BOXES
C10487,598047,159,1.79,2011-01-10 10:36,HAND WARMER UNION JACK
C10172,591187,15,2.24,2011-10-27 10:35,LUNCH BAG RED RETROSPOT
C10476,531966,193,2.44,2011-08-25 13:37,PACK OF 12 LONDON TISSUES
C10510,572903,140,7.27,2011-04-13 12:54,PACK OF 12 LONDON TISSUES
C10511,580577,130,6.97,2011-07-23 17:23,LUNCH BAG PINK POLKADOT
C10422,530263,41,4.13,2011-05-13 16:30,MINI PAINT SET VINTAGE
C10523,531990,94,2.54,2010-12-02 14:47,LUNCH BAG BLACK SKULL
C10396,568170,48,5.34,2011-09-20 17:49,SAVE THE PLANET MUG
C10500,519531,131,4.01,2011-08-10 14:59,RED HARMONIA NOTEBOOK
C10419,568284,48,3.14,2011-08-31 08:28,LUNCH BAG BLACK SKULL
C10498,557546,131,3.44,2011-11-23 08:36,JUMBO BAG RED RETROSPOT
C10257,553864,50,1.66,2011-09-19 10:36,ZINC T-LIGHT HOLDER STARS SMALL
C10346,533322,19,3.12,2011-11-02 11:45,WHITE HANGING HEART T-LIGHT HOLDER
C10201,563282,19,1.62,2011-02-08 17:06,SET 7 BABUSHKA NESTING BOXES
C10059,569459,10,1.84,2011-01-19 11:56,JUMBO BAG RED RETROSPOT
C10450,528287,297,4.64,2011-04-19 11:15,LUNCH BAG PINK POLKADOT
C10126,584443,2,1.52,2011-03-01 08:53,CHILDRENS CUTLERY CIRCUS PARADE
C10391,568918,56,2.12,2011-09-24 13:37,BAKING SET 9 PIECE RETROSPOT
C10080,547627,2,2.42,2011-05-05 12:37,LUNCH BAG BLACK SKULL
C10031,573464,5,2.04,2011-04-18 12:16,LUNCH BAG BLACK SKULL
C10525,567052,122,6.78,2011-09-09 14:12,RED WOOLLY HOTTIE WHITE HEART
C10466,515293,160,2.86,2011-08-26 16:05,CHILDRENS APRON DOLLY GIRL
C10487,529089,199,2.69,2011-04-14 10:40,CHILDRENS APRON DOLLY GIRL
C10365,578809,21,3.3,2010-12-20 12:12,GLASS STAR FROSTED T-LIGHT HOLDER
C10519,569754,147,5.81,2011-02-18 10:57,CREAM CUPID HEARTS COAT HANGER
C10480,537788,275,5.18,2011-03-20 17:38,WHITE HANGING HEART T-LIGHT HOLDER
C10165,559036,23,1.21,2011-04-12 11:32,POPCORN HOLDER
C10264,559681,59,3.96,2011-05-28 13:46,WOODEN PICTURE FRAME WHITE FINISH
C10451,569139,278,4.24,2011-06-25 08:44,CHILDRENS APRON DOLLY GIRL
C10248,584299,47,1.9,2011-01-20 11:46,LUNCH BAG BLACK SKULL
C10346,580078,21,2.5,2011-04-08 09:45,WHITE HANGING HEART T-LIGHT HOLDER
C10311,536475,51,5.1,2011-10-11 14:59,LUNCH BAG RED RETROSPOT
C10456,588616,89,2.13,2011-02-28 09:45,KNITTED UNION FLAG HOT WATER BOTTLE
C10439,584725,51,2.89,2011-09-19 12:13,BAKING SET 9 PIECE RETROSPOT
C10457,531706,199,5.14,2011-05-27 17:20,CHILDRENS CUTLERY CIRCUS PARADE
C10508,570120,152,3.34,2011-09-29 12:04,WOODEN PICTURE FRAME WHITE FINISH
C10525,522994,85,8.13,2011-09-18 17:11,RED WOOLLY HOTTIE WHITE HEART
C10234,566283,49,3.09,2011-11-14 14:33,STRAWBERRY CERAMIC TRINKET BOX
C10407,572111,32,2.36,2011-02-23 10:18,STRAWBERRY CERAMIC TRINKET BOX
C10283,555123,55,5.43,2011-02-14 10:28,LUNCH BAG PINK POLKADOT
C10337,536263,37,2.71,2011-05-31 14:30,POPCORN HOLDER
C10527,562719,65,7.08,2010-12-24 14:30,VICTORIAN GLASS HANGING T-LIGHT
C10484,512874,182,2.66,2011-10-09 14:24,HAND WARMER RED POLKA DOT
C10485,560002,143,4.21,2011-06-24 09:30,CHILDRENS APRON DOLLY GIRL
C10516,548621,166,2.6,2011-11-16 11:15,SAVE THE PLANET MUG
C10220,596772,7,1.34,2011-06-03 08:27,WOODEN PICTURE FRAME WHITE FINISH
C10375,533628,74,2.12,2011-02-18 09:18,KNITTED UNION FLAG HOT WATER BOTTLE
C10231,538091,46,4.56,2011-07-17 10:55,KNITTED UNION FLAG HOT WATER BOTTLE
C10513,518688,118,7.05,2011-03-06 16:08,LUNCH BAG PINK POLKADOT
C10454,531023,218,3.87,2011-04-21 16:36,CREAM CUPID HEARTS COAT HANGER
C10421,587250,40,2.08,2011-02-06 16:19,CHILDRENS APRON DOLLY GIRL
C10430,589958,30,4.0,2011-04-21 10:57,STRAWBERRY CERAMIC TRINKET BOX
C10273,539170,27,5.29,2011-09-17 17:14,SET OF 4 PANTRY JELLY MOULDS
C10352,522098,20,1.3,2011-02-14 12:15,MINI PAINT SET VINTAGE
C10458,547184,207,3.83,2011-08-16 13:26,GLASS STAR FROSTED T-LIGHT HOLDER
C10409,543166,65,1.84,2011-07-27 13:46,SET 7 BABUSHKA NESTING BOXES
C10483,572539,251,5.2,2011-09-27 12:59,JAM MAKING SET WITH JARS
C10527,532494,128,6.16,2011-03-15 12:43,WHITE HANGING HEART T-LIGHT HOLDER
C10007,563264,10,3.71,2011-05-07 13:57,JAM MAKING SET WITH JARS
C10481,532935,131,4.65,2011-06-30 16:14,HAND WARMER UNION JACK
C10349,541922,57,3.07,2010-12-11 17:48,STRAWBERRY CERAMIC TRINKET BOX
C10446,512542,205,3.64,2011-05-09 17:27,PACK OF 12 LONDON TISSUES
C10366,522928,39,4.72,2011-09-26 14:05,CREAM CUPID HEARTS COAT HANGER
C10442,547976,166,4.24,2011-02-18 14:36,WHITE HANGING HEART T-LIGHT HOLDER
C10497,574617,60,5.7,2011-08-14 08:23,SET OF 4 PANTRY JELLY MOULDS
C10308,555038,42,2.36,2011-01-19 09:42,POPCORN HOLDER
C10146,574044,6,3.41,2011-09-18 11:31,SET 7 BABUSHKA NESTING BOXES
C10459,548036,264,3.76,2011-11-26 10:02,RED HARMONIA NOTEBOOK
C10499,574407,59,3.09,2011-11-20 09:49,PACK OF 20 SPACEBOY NAPKINS
C10233,558717,60,5.02,2011-11-04 13:43,RECYCLED ACRYLIC DROP EARRINGS
C10526,569717,74,4.26,2011-04-16 12:04,CREAM CUPID HEARTS COAT HANGER
C10485,517315,163,2.83,2011-12-09 08:55,CHILDRENS APRON DOLLY GIRL
C10261,546977,21,5.38,2011-06-12 11:16,WOODEN PICTURE FRAME WHITE FINISH
C10491,563740,260,5.07,2011-02-06 09:52,KNITTED UNION FLAG HOT WATER BOTTLE
C10289,546344,20,4.57,2011-01-14 17:08,ZINC T-LIGHT HOLDER STARS SMALL
C10497,521093,111,6.85,2011-09-04 12:04,GLASS STAR FROSTED T-LIGHT HOLDER
C10528,596196,86,4.29,2011-10-24 09:29,RECYCLED ACRYLIC DROP EARRINGS
C10370,568549,55,2.29,2011-12-02 09:31,POPCORN HOLDER
C10177,577425,13,2.42,2011-02-25 13:45,SET OF 4 PANTRY JELLY MOULDS
C10530,597441,90,6.95,2010-12-06 08:00,KNITTED UNION FLAG HOT WATER BOTTLE
C10455,534485,125,1.9,2011-10-27 09:28,SET OF 4 PANTRY JELLY MOULDS
C10364,566223,77,2.01,2011-11-02 15:10,POPCORN HOLDER
C10481,510716,132,1.76,2011-10-24 15:23,RED WOOLLY HOTTIE WHITE HEART
C10257,575483,10,2.0,2011-01-21 12:51,LUNCH BAG RED RETROSPOT
C10522,566419,159,2.86,2011-06-22 12:31,CHILDRENS CUTLERY CIRCUS PARADE
C10231,543903,32,2.71,2011-02-02 08:15,HAND WARMER UNION JACK
C10298,529392,20,2.42,2011-05-26 15:31,HAND WARMER UNION JACK
C10487,582756,87,2.06,2011-09-28 14:55,HAND WARMER UNION JACK
C10411,523711,19,3.05,2011-11-27 12:11,RED HARMONIA NOTEBOOK
C10182,558738,16,1.26,2011-04-20 09:41,BAKING SET 9 PIECE RETROSPOT
C10434,517542,72,4.08,2011-09-02 17:08,ZINC T-LIGHT HOLDER STARS SMALL
C10457,561694,237,2.88,2010-12-31 08:32,CHILDRENS CUTLERY CIRCUS PARADE
C10481,522770,219,1.31,2010-12-20 11:01,STRAWBERRY CERAMIC TRINKET BOX
C10313,594466,50,2.6,2011-11-15 11:17,LUNCH BAG RED RETROSPOT
C10365,594393,22,3.87,2011-01-31 10:25,JAM MAKING SET WITH JARS
C10303,557338,20,1.47,2011-01-31 13:32,POPCORN HOLDER
C10383,554623,39,3.77,2011-02-14 17:56,ZINC T-LIGHT HOLDER STARS SMALL
C10511,511558,168,8.27,2011-08-21 16:19,BAKING SET 9 PIECE RETROSPOT
C10425,539214,34,2.78,2010-12-11 14:36,PACK OF 20 SPACEBOY NAPKINS
C10274,549918,38,2.94,2011-09-01 16:41,PACK OF 20 SPACEBOY NAPKINS
C10175,514224,12,1.34,2011-03-22 14:06,RECYCLED ACRYLIC DROP EARRINGS
C10410,575735,22,1.93,2011-01-19 16:17,LUNCH BAG PINK POLKADOT
C10321,575987,26,3.74,2011-04-07 16:27,LUNCH BAG BLACK SKULL
C10446,579367,239,2.62,2011-08-23 15:51,KNITTED UNION FLAG HOT WATER BOTTLE
C10465,568336,124,3.85,2011-02-27 10:14,RECYCLED ACRYLIC DROP EARRINGS
C10500,566114,67,4.71,2011-09-12 16:40,KNITTED UNION FLAG HOT WATER BOTTLE
C10507,515694,148,3.07,2011-10-10 12:36,RECYCLED ACRYLIC DROP EARRINGS
C10455,532517,281,1.29,2011-11-17 17:15,RECYCLED ACRYLIC DROP EARRINGS
C10251,554914,20,4.33,2011-10-19 16:02,GLASS STAR FROSTED T-LIGHT HOLDER
C10523,527335,91,6.05,2011-03-09 11:13,WHITE HANGING HEART T-LIGHT HOLDER
C10386,578066,29,2.82,2011-02-14 09:06,PACK OF 20 SPACEBOY NAPKINS
C10012,582667,8,3.24,2011-02-02 12:32,PACK OF 12 LONDON TISSUES
C10514,574961,69,6.43,2011-01-20 14:13,JUMBO BAG RED RETROSPOT
C10316,570052,47,4.16,2011-03-16 17:13,CHILDRENS APRON DOLLY GIRL
C10380,580248,39,4.29,2010-12-17 09:21,LUNCH BAG PINK POLKADOT
C10032,582529,2,3.94,2011-06-03 10:19,PACK OF 20 SPACEBOY NAPKINS
C10518,512396,116,7.7,2011-02-02 09:42,SET OF 4 PANTRY JELLY MOULDS
C10523,583967,187,2.66,2011-05-03 11:39,WOODEN PICTURE FRAME WHITE FINISH
C10400,522700,50,5.76,2011-12-05 08:04,POPCORN HOLDER
C10382,590999,30,5.32,2011-05-22 08:04,SET 7 BABUSHKA NESTING BOXES
C10396,511990,45,2.22,2011-01-25 16:24,CREAM CUPID HEARTS COAT HANGER
C10523,588439,163,7.18,2011-09-04 17:58,CHILDRENS CUTLERY CIRCUS PARADE
C10351,531281,34,5.21,2011-10-07 15:04,SAVE THE PLANET MUG
C10192,555443,5,1.12,2010-12-07 10:44,SAVE THE PLANET MUG
C10109,594076,2,1.7,2011-09-15 08:52,PACK OF 12 LONDON TISSUES
C10511,580125,185,4.47,2011-10-22 17:22,LUNCH BAG PINK POLKADOT
C10260,555073,58,4.85,2011-09-03 12:35,MINI PAINT SET VINTAGE
C10123,545537,5,3.57,2011-04-27 09:22,KNITTED UNION FLAG HOT WATER BOTTLE
C10467,598572,183,4.6,2011-07-31 15:56,WHITE METAL LANTERN
C10496,582246,50,2.82,2011-05-26 10:14,MINI PAINT SET VINTAGE
C10308,559327,34,3.16,2011-05-05 17:39,HAND WARMER UNION JACK
C10252,572539,37,1.82,2011-03-01 15:57,RED HARMONIA NOTEBOOK
C10343,563852,20,2.64,2011-01-05 14:18,VICTORIAN GLASS HANGING T-LIGHT
C10377,533044,57,2.14,2011-05-12 09:50,LUNCH BAG BLACK SKULL
C10305,521898,52,2.74,2011-01-27 09:01,CHILDRENS APRON DOLLY GIRL
C10332,531939,49,2.48,2011-10-02 17:15,ZINC T-LIGHT HOLDER STARS SMALL
C10404,512767,17,5.78,2011-03-16 09:39,BAKING SET 9 PIECE RETROSPOT
C10432,550086,44,3.03,2011-01-15 13:22,JUMBO BAG RED RETROSPOT
C10497,577127,89,3.0,2010-12-12 10:38,VICTORIAN GLASS HANGING T-LIGHT
C10523,542191,103,6.24,2011-02-26 17:02,LUNCH BAG BLACK SKULL
C10373,570700,35,2.31,2011-10-31 14:52,RED WOOLLY HOTTIE WHITE HEART
C10309,521133,51,2.58,2011-04-25 13:03,LUNCH BAG PINK POLKADOT
C10478,544214,85,3.68,2011-07-26 13:16,LUNCH BAG BLACK SKULL
C10419,585997,33,5.33,2011-06-16 09:50,GLASS STAR FROSTED T-LIGHT HOLDER
C10467,556488,241,2.91,2011-07-24 17:22,WHITE METAL LANTERN
C10464,510833,122,4.04,2011-10-05 17:36,BAKING SET 9 PIECE RETROSPOT
C10382,558349,36,2.03,2011-08-31 16:02,LUNCH BAG PINK POLKADOT
C10389,547938,75,3.74,2011-12-03 08:44,PACK OF 20 SPACEBOY NAPKINS
C10498,526061,118,3.59,2011-05-20 17:58,JUMBO BAG RED RETROSPOT
C10482,543491,280,1.98,2010-12-17 08:17,MINI PAINT SET VINTAGE
C10432,550701,29,2.48,2011-10-12 16:47,ZINC T-LIGHT HOLDER STARS SMALL
C10392,549089,31,5.05,2011-01-04 15:27,RECYCLED ACRYLIC DROP EARRINGS
C10296,549955,11,3.29,2011-08-11 11:05,VICTORIAN GLASS HANGING T-LIGHT
C10291,560956,47,2.26,2011-01-13 15:47,CHILDRENS CUTLERY CIRCUS PARADE
C10414,569597,79,3.32,2011-01-21 14:51,GLASS STAR FROSTED T-LIGHT HOLDER
C10430,597151,61,2.7,2011-07-03 14:37,STRAWBERRY CERAMIC TRINKET BOX
C10524,572629,132,6.7,2011-07-17 09:44,POPCORN HOLDER
C10495,528542,284,1.29,2011-10-21 13:53,ZINC T-LIGHT HOLDER STARS SMALL
C10459,546419,234,3.36,2011-04-03 15:09,KNITTED UNION FLAG HOT WATER BOTTLE
C10371,540161,78,3.97,2011-03-04 14:22,VICTORIAN GLASS HANGING T-LIGHT
C10459,592187,84,2.98,2011-12-06 09:18,WHITE METAL LANTERN
C10350,573068,50,2.11,2011-06-14 16:20,SET 7 BABUSHKA NESTING BOXES
C10252,565846,33,1.7,2011-11-03 10:57,MINI PAINT SET VINTAGE
C10474,574737,212,3.7,2011-11-20 11:42,VICTORIAN GLASS HANGING T-LIGHT
C10267,527705,48,1.32,2010-12-01 08:18,STRAWBERRY CERAMIC TRINKET BOX
C10501,592570,79,6.12,2011-07-07 15:57,SAVE THE PLANET MUG
C10368,533083,38,3.65,2011-10-06 13:20,CHILDRENS CUTLERY CIRCUS PARADE
C10508,586221,102,4.89,2011-06-07 14:34,WOODEN PICTURE FRAME WHITE FINISH
C10279,573263,38,3.4,2011-10-07 14:11,WHITE HANGING HEART T-LIGHT HOLDER
C10439,577924,78,2.52,2011-11-05 11:04,JUMBO BAG RED RETROSPOT
C10392,565234,18,1.79,2011-10-17 14:55,VICTORIAN GLASS HANGING T-LIGHT
C10209,532768,16,2.39,2011-04-03 12:34,RED WOOLLY HOTTIE WHITE HEART
C10045,549132,2,2.21,2011-03-08 17:32,RED HARMONIA NOTEBOOK
C10155,548715,7,2.12,2011-04-19 15:31,WHITE HANGING HEART T-LIGHT HOLDER
C10014,529313,5,3.52,2011-11-05 17:21,PACK OF 12 LONDON TISSUES
C10485,523108,261,4.0,2011-09-20 16:40,CHILDRENS APRON DOLLY GIRL
C10522,530483,133,4.06,2011-01-09 08:27,PACK OF 20 SPACEBOY NAPKINS
C10510,560006,124,4.18,2011-08-28 12:07,ZINC T-LIGHT HOLDER STARS SMALL
C10081,584928,2,2.62,2011-07-25 17:35,SET OF 4 PANTRY JELLY MOULDS
C10301,511597,33,2.89,2011-03-10 17:33,RED HARMONIA NOTEBOOK
C10237,510358,40,2.66,2011-03-12 17:12,LUNCH BAG RED RETROSPOT
C10475,550189,137,1.28,2011-11-22 12:56,GLASS STAR FROSTED T-LIGHT HOLDER
C10081,575715,7,3.01,2011-10-01 16:24,SET OF 4 PANTRY JELLY MOULDS
C10227,553449,6,1.5,2011-08-06 17:38,RED HARMONIA NOTEBOOK
C10452,511594,95,3.42,2011-10-06 17:01,PACK OF 20 SPACEBOY NAPKINS
C10382,567105,28,5.97,2011-07-25 12:08,CHILDRENS CUTLERY CIRCUS PARADE
C10256,559732,10,4.11,2011-05-11 15:57,SET 7 BABUSHKA NESTING BOXES
C10339,576665,49,1.53,2011-10-03 14:40,WHITE METAL LANTERN
C10376,531061,76,3.72,2011-04-09 10:05,SET 7 BABUSHKA NESTING BOXES
C10519,561807,84,3.78,2011-01-24 08:11,PACK OF 20 SPACEBOY NAPKINS
C10459,531519,127,1.28,2011-02-19 14:12,MINI PAINT SET VINTAGE
C10473,578529,118,4.36,2011-11-15 12:53,HAND WARMER UNION JACK
C10491,567748,172,2.22,2011-11-28 12:46,JAM MAKING SET WITH JARS
C10457,529876,284,4.76,2011-03-22 16:23,CHILDRENS CUTLERY CIRCUS PARADE
C10492,568694,89,4.42,2011-11-24 09:56,LUNCH BAG BLACK SKULL
C10376,585823,24,4.79,2011-11-08 12:11,SET 7 BABUSHKA NESTING BOXES
C10463,567337,205,5.28,2011-01-24 13:13,GLASS STAR FROSTED T-LIGHT HOLDER
C10199,558823,21,1.53,2010-12-23 11:57,JUMBO BAG RED RETROSPOT
C10400,576672,56,3.56,2011-11-30 12:07,MINI PAINT SET VINTAGE
C10072,552517,4,2.43,2011-07-03 15:21,SAVE THE PLANET MUG
C10352,596848,48,3.71,2010-12-30 14:59,ZINC T-LIGHT HOLDER STARS SMALL
C10442,522723,117,5.11,2011-11-07 10:17,LUNCH BAG BLACK SKULL
C10515,536122,66,8.49,2011-07-22 12:01,POPCORN HOLDER
C10165,587147,19,2.12,2011-08-23 16:37,POPCORN HOLDER
C10529,562186,52,4.8,2011-08-14 09:44,GLASS STAR FROSTED T-LIGHT HOLDER
C10526,545116,173,6.95,2011-01-21 16:35,SET OF 4 PANTRY JELLY MOULDS
C10474,522014,257,4.03,2011-05-19 08:38,JAM MAKING SET WITH JARS
C10393,525465,32,2.15,2011-08-10 09:51,RECYCLED ACRYLIC DROP EARRINGS
C10316,544314,19,1.37,2011-02-05 14:54,PACK OF 20 SPACEBOY NAPKINS
C10421,533138,49,3.79,2011-09-09 12:05,SAVE THE PLANET MUG
C10494,584631,184,5.35,2011-06-06 08:58,POPCORN HOLDER
C10471,529099,252,4.78,2011-07-11 13:01,SET OF 4 PANTRY JELLY MOULDS
C10283,549917,60,5.13,2011-02-10 17:57,JUMBO BAG RED RETROSPOT
C10256,534105,49,2.71,2011-10-13 13:09,WHITE METAL LANTERN
C10375,559844,19,5.95,2011-10-26 08:47,CHILDRENS APRON DOLLY GIRL
C10381,551215,62,2.28,2011-04-19 13:39,SET 7 BABUSHKA NESTING BOXES
C10114,524089,10,1.52,2011-08-11 17:56,HAND WARMER RED POLKA DOT
C10454,511291,249,3.66,2010-12-27 14:40,CREAM CUPID HEARTS COAT HANGER
C10434,529382,76,5.42,2011-11-25 11:50,BAKING SET 9 PIECE RETROSPOT
C10512,538048,84,5.44,2011-06-24 10:58,ZINC T-LIGHT HOLDER STARS SMALL
C10337,534819,60,1.54,2011-08-20 13:19,WHITE HANGING HEART T-LIGHT HOLDER
C10368,538919,41,5.2,2010-12-30 08:52,JUMBO BAG RED RETROSPOT
C10335,542821,50,5.22,2011-11-14 16:29,VICTORIAN GLASS HANGING T-LIGHT
C10485,561881,258,5.39,2011-01-23 11:53,CHILDRENS APRON DOLLY GIRL
C10510,568349,130,3.59,2011-05-16 10:11,KNITTED UNION FLAG HOT WATER BOTTLE
C10519,548425,115,6.51,2010-12-29 11:29,MINI PAINT SET VINTAGE
C10309,522759,50,2.7,2010-12-15 17:02,VICTORIAN GLASS HANGING T-LIGHT
C10194,560197,6,1.63,2011-12-06 09:14,RED WOOLLY HOTTIE WHITE HEART
C10388,570661,66,4.56,2011-09-23 10:43,KNITTED UNION FLAG HOT WATER BOTTLE
C10362,521086,36,4.15,2011-06-12 17:47,PACK OF 20 SPACEBOY NAPKINS
C10327,526228,50,3.41,2011-04-12 11:53,BAKING SET 9 PIECE RETROSPOT
C10475,552975,255,4.14,2011-02-10 13:52,CREAM CUPID HEARTS COAT HANGER
C10315,532298,15,5.32,2011-07-01 13:11,SAVE THE PLANET MUG
C10392,516747,30,3.82,2011-01-06 17:05,ASSORTED COLOUR BIRD ORNAMENT
C10015,595990,8,2.11,2011-08-01 17:54,GLASS STAR FROSTED T-LIGHT HOLDER
C10505,575417,178,7.54,2011-02-16 13:06,STRAWBERRY CERAMIC TRINKET BOX
C10480,546428,139,3.62,2011-06-11 10:01,WHITE HANGING HEART T-LIGHT HOLDER
C10516,552567,177,4.07,2011-09-28 16:17,STRAWBERRY CERAMIC TRINKET BOX
C10466,530876,272,2.49,2011-04-12 12:21,CHILDRENS CUTLERY CIRCUS PARADE
C10390,528355,73,4.76,2011-10-27 17:28,RED HARMONIA NOTEBOOK
C10344,596386,39,2.88,2011-09-21 08:47,PACK OF 20 SPACEBOY NAPKINS
C10391,513861,62,4.29,2011-03-29 11:06,ASSORTED COLOUR BIRD ORNAMENT
C10168,590492,17,0.9,2011-09-13 14:29,CREAM CUPID HEARTS COAT HANGER
C10463,555592,96,3.74,2011-06-12 16:43,CHILDRENS CUTLERY CIRCUS PARADE
C10338,524544,51,4.6,2011-08-04 13:51,LUNCH BAG PINK POLKADOT
C10430,543482,20,3.31,2011-05-09 16:06,RED WOOLLY HOTTIE WHITE HEART
C10127,535272,10,2.67,2011-08-10 10:54,HAND WARMER RED POLKA DOT
C10176,531755,24,1.89,2011-04-01 11:51,RECYCLED ACRYLIC DROP EARRINGS
C10170,524972,24,1.5,2011-05-10 17:24,CHILDRENS APRON DOLLY GIRL
C10272,529073,21,2.6,2011-07-07 12:58,STRAWBERRY CERAMIC TRINKET BOX
C10057,593695,11,2.45,2011-09-01 09:29,WHITE METAL LANTERN
C10502,589099,81,4.87,2011-05-10 17:18,PACK OF 20 SPACEBOY NAPKINS
C10065,529442,3,2.31,2011-06-24 14:43,LUNCH BAG BLACK SKULL
C10271,575621,15,2.04,2010-12-28 15:41,SET OF 4 PANTRY JELLY MOULDS
C10395,544410,58,5.66,2011-08-13 08:17,WOODEN PICTURE FRAME WHITE FINISH
C10356,514501,19,4.43,2011-10-25 16:54,RECYCLED ACRYLIC DROP EARRINGS
C10141,528920,5,2.25,2011-06-11 10:48,HAND WARMER RED POLKA DOT
C10525,570775,91,4.29,2011-01-08 08:47,WOODEN PICTURE FRAME WHITE FINISH
C10391,528423,27,2.54,2011-11-28 16:49,HAND WARMER RED POLKA DOT
C10340,521013,45,1.61,2011-03-14 15:55,LUNCH BAG PINK POLKADOT
C10493,510085,254,2.0,2011-07-17 15:59,GLASS STAR FROSTED T-LIGHT HOLDER
C10512,512832,131,7.27,2011-10-30 13:55,RED HARMONIA NOTEBOOK
C10386,545903,63,4.43,2011-06-05 15:00,PACK OF 20 SPACEBOY NAPKINS
C10090,559015,2,2.49,2011-03-24 15:56,CHILDRENS CUTLERY CIRCUS PARADE
C10129,544995,8,2.09,2011-04-07 08:16,JAM MAKING SET WITH JARS
C10073,577154,6,2.04,2011-07-15 14:31,HAND WARMER UNION JACK
C10276,589073,12,4.08,2011-02-14 08:41,WHITE METAL LANTERN
C10513,574847,64,6.74,2011-03-16 16:30,SET OF 4 PANTRY JELLY MOULDS
C10442,579770,121,3.01,2011-03-16 14:36,ZINC T-LIGHT HOLDER STARS SMALL
C10265,564519,33,3.62,2011-06-17 15:33,MINI PAINT SET VINTAGE
C10473,574396,219,2.7,2010-12-23 09:27,SAVE THE PLANET MUG
C10510,573259,133,6.87,2011-05-20 11:31,PACK OF 12 LONDON TISSUES
C10489,539464,102,4.26,2011-10-20 17:42,MINI PAINT SET VINTAGE
C10285,588333,20,1.4,2011-01-15 11:30,LUNCH BAG BLACK SKULL
C10296,538574,56,2.98,2010-12-03 14:02,VICTORIAN GLASS HANGING T-LIGHT
C10455,542819,258,3.6,2011-05-10 13:25,RED HARMONIA NOTEBOOK
C10341,562928,32,4.58,2011-10-26 09:50,GLASS STAR FROSTED T-LIGHT HOLDER
C10495,511827,210,2.33,2011-01-24 15:34,CHILDRENS APRON DOLLY GIRL
C10528,514337,83,2.59,2011-07-17 08:13,RED HARMONIA NOTEBOOK
C10344,590967,25,2.01,2011-08-09 15:29,RED HARMONIA NOTEBOOK
C10524,528294,103,6.82,2011-01-22 10:44,JUMBO BAG RED RETROSPOT
C10280,530643,17,2.41,2011-01-20 16:43,CREAM CUPID HEARTS COAT HANGER
C10528,563234,93,7.3,2011-07-01 16:11,JUMBO BAG RED RETROSPOT
C10358,568342,27,3.94,2011-06-01 15:11,VICTORIAN GLASS HANGING T-LIGHT
C10138,538477,9,2.09,2011-07-17 17:43,ASSORTED COLOUR BIRD ORNAMENT
C10152,584289,6,1.23,2011-01-18 16:58,LUNCH BAG RED RETROSPOT
C10204,535919,5,2.5,2011-06-24 13:43,JUMBO BAG RED RETROSPOT
C10407,518751,74,4.24,2011-08-25 11:51,WHITE METAL LANTERN
C10256,585584,35,2.19,2010-12-04 16:02,GLASS STAR FROSTED T-LIGHT HOLDER
C10416,593200,73,4.21,2011-06-23 10:43,ASSORTED COLOUR BIRD ORNAMENT
C10083,518639,12,3.12,2011-05-23 17:03,HAND WARMER RED POLKA DOT
C10486,523096,151,4.26,2011-09-24 12:11,JUMBO BAG RED RETROSPOT
C10474,560393,236,3.51,2011-09-12 17:34,VICTORIAN GLASS HANGING T-LIGHT
C10455,535609,140,1.32,2011-08-26 13:20,SET 7 BABUSHKA NESTING BOXES
C10509,540377,74,7.59,2011-06-09 09:03,LUNCH BAG BLACK SKULL
C10497,597223,105,7.21,2011-06-20 15:48,HAND WARMER UNION JACK
C10402,534524,34,3.76,2011-04-21 15:40,WHITE METAL LANTERN
C10144,577215,6,2.15,2011-10-06 11:25,ZINC T-LIGHT HOLDER STARS SMALL
C10403,596824,72,3.07,2011-06-13 17:15,CHILDRENS APRON DOLLY GIRL
C10476,572654,267,4.8,2011-03-31 12:50,POPCORN HOLDER
C10387,566403,77,2.98,2011-05-27 12:07,VICTORIAN GLASS HANGING T-LIGHT
C10437,521921,27,5.34,2011-09-29 16:10,HAND WARMER RED POLKA DOT
C10519,517198,86,3.04,2011-05-30 15:55,BAKING SET 9 PIECE RETROSPOT
C10072,590981,2,1.89,2011-08-29 11:24,SAVE THE PLANET MUG
C10321,549013,15,3.02,2011-09-09 09:58,ASSORTED COLOUR BIRD ORNAMENT
C10514,517050,128,3.97,2011-05-10 08:03,JUMBO BAG RED RETROSPOT
C10299,547387,20,4.28,2011-05-21 14:37,ASSORTED COLOUR BIRD ORNAMENT
C10491,537691,93,3.2,2011-02-09 14:17,BAKING SET 9 PIECE RETROSPOT
C10441,564752,183,3.04,2011-03-25 08:36,RED HARMONIA NOTEBOOK
C10036,571592,9,3.22,2011-02-19 08:26,GLASS STAR FROSTED T-LIGHT HOLDER
C10469,537899,162,5.25,2010-12-19 12:08,MINI PAINT SET VINTAGE
C10398,553081,52,5.61,2011-10-15 08:10,LUNCH BAG RED RETROSPOT
C10402,518816,42,1.66,2011-11-18 13:57,WHITE METAL LANTERN
C10115,576093,6,1.68,2010-12-27 17:35,RED HARMONIA NOTEBOOK
C10303,531906,58,1.65,2011-08-09 11:01,PACK OF 12 LONDON TISSUES
C10464,538931,192,4.3,2011-06-01 09:24,ASSORTED COLOUR BIRD ORNAMENT
C10213,532833,20,1.92,2011-02-19 14:50,CREAM CUPID HEARTS COAT HANGER
C10441,563504,198,3.58,2011-07-19 11:43,RED HARMONIA NOTEBOOK
C10413,589760,18,2.61,2011-08-02 10:22,RED WOOLLY HOTTIE WHITE HEART
C10163,557124,22,0.91,2011-12-02 14:50,PACK OF 12 LONDON TISSUES
C10485,542578,133,3.04,2011-09-09 10:06,CHILDRENS APRON DOLLY GIRL
C10521,513620,69,6.02,2011-07-17 14:43,RECYCLED ACRYLIC DROP EARRINGS
C10512,593206,187,7.73,2011-05-30 11:51,SET 7 BABUSHKA NESTING BOXES
C10456,523275,117,5.06,2011-08-26 15:41,SET OF 4 PANTRY JELLY MOULDS
C10315,567037,10,4.3,2011-09-19 11:01,CREAM CUPID HEARTS COAT HANGER
C10399,542105,31,5.68,2011-01-09 13:41,SAVE THE PLANET MUG
C10389,581654,36,3.88,2011-10-18 12:46,STRAWBERRY CERAMIC TRINKET BOX
C10501,519077,90,3.23,2011-08-05 11:05,SAVE THE PLANET MUG
C10526,540957,148,2.62,2011-10-31 08:00,LUNCH BAG RED RETROSPOT
C10456,558971,177,2.85,2011-04-27 15:33,JAM MAKING SET WITH JARS
C10461,544629,172,1.73,2011-08-20 14:13,CREAM CUPID HEARTS COAT HANGER
C10447,551322,202,2.82,2011-06-11 14:44,HAND WARMER UNION JACK
C10216,531802,19,2.06,2010-12-01 08:24,KNITTED UNION FLAG HOT WATER BOTTLE
C10170,590918,16,2.25,2011-08-08 16:40,PACK OF 12 LONDON TISSUES
C10323,571504,28,4.34,2011-12-01 14:26,VICTORIAN GLASS HANGING T-LIGHT
C10487,524601,296,4.99,2011-07-06 09:09,CHILDRENS APRON DOLLY GIRL
C10385,512729,75,3.51,2011-03-23 12:31,BAKING SET 9 PIECE RETROSPOT
C10457,535733,116,4.49,2010-12-13 15:25,CHILDRENS CUTLERY CIRCUS PARADE
C10194,511610,21,0.85,2011-01-22 17:43,RED WOOLLY HOTTIE WHITE HEART
C10323,573950,49,5.22,2010-12-05 09:40,HAND WARMER RED POLKA DOT
C10401,597350,28,5.67,2011-03-02 10:02,JUMBO BAG RED RETROSPOT
C10525,539123,72,8.2,2011-01-24 16:11,RED WOOLLY HOTTIE WHITE HEART
C10502,541779,112,7.02,2011-05-14 11:03,LUNCH BAG PINK POLKADOT
C10507,524505,167,8.01,2011-11-23 11:07,RECYCLED ACRYLIC DROP EARRINGS
C10242,579979,53,4.43,2011-05-26 10:45,WOODEN PICTURE FRAME WHITE FINISH
C10079,583989,12,3.81,2011-09-15 17:28,RECYCLED ACRYLIC DROP EARRINGS
C10298,599443,28,3.02,2011-08-15 14:17,KNITTED UNION FLAG HOT WATER BOTTLE
C10413,527501,64,2.21,2011-03-19 15:42,CHILDRENS APRON DOLLY GIRL
C10452,572748,249,3.27,2011-11-23 14:01,PACK OF 20 SPACEBOY NAPKINS
C10268,566925,32,4.99,2011-03-22 09:46,KNITTED UNION FLAG HOT WATER BOTTLE
C10523,563060,58,3.86,2011-01-09 13:49,MINI PAINT SET VINTAGE
C10500,584216,118,2.93,2011-10-08 12:16,KNITTED UNION FLAG HOT WATER BOTTLE
C10414,525198,48,4.88,2011-04-13 14:11,CREAM CUPID HEARTS COAT HANGER
C10386,538869,33,5.91,2011-04-11 15:16,PACK OF 20 SPACEBOY NAPKINS
C10367,578822,79,4.73,2011-08-30 16:04,ZINC T-LIGHT HOLDER STARS SMALL
C10499,513511,150,3.56,2011-02-04 09:19,LUNCH BAG RED RETROSPOT
C10355,541575,40,4.07,2011-02-04 15:50,SET OF 4 PANTRY JELLY MOULDS
C10357,535644,23,4.67,2011-11-03 10:01,LUNCH BAG PINK POLKADOT
C10497,566864,93,4.81,2011-05-02 14:55,SAVE THE PLANET MUG
C10348,518825,49,2.82,2011-01-31 11:13,WOODEN PICTURE FRAME WHITE FINISH
C10498,552348,152,6.08,2011-03-01 13:18,JUMBO BAG RED RETROSPOT
C10318,533667,43,4.51,2011-07-29 12:10,CHILDRENS APRON DOLLY GIRL
C10497,541381,101,5.86,2011-10-09 16:14,SAVE THE PLANET MUG
C10510,547387,171,3.68,2011-05-07 12:30,PACK OF 12 LONDON TISSUES
C10514,527111,130,3.07,2011-09-19 13:12,MINI PAINT SET VINTAGE
C10473,585028,87,2.69,2011-02-21 09:56,JUMBO BAG RED RETROSPOT
C10360,551017,18,3.7,2011-05-03 08:33,HAND WARMER UNION JACK
C10279,536489,60,1.41,2011-10-01 09:55,HAND WARMER UNION JACK
C10269,535703,35,4.02,2011-01-12 15:36,ZINC T-LIGHT HOLDER STARS SMALL
C10157,588240,16,1.76,2011-07-18 16:35,JAM MAKING SET WITH JARS
C10487,593303,221,2.74,2010-12-04 16:00,CHILDRENS APRON DOLLY GIRL
C10495,590775,136,4.63,2011-03-19 14:20,VICTORIAN GLASS HANGING T-LIGHT
C10191,589800,8,1.6,2011-11-23 14:46,VICTORIAN GLASS HANGING T-LIGHT
C10281,597186,21,4.22,2011-11-26 17:57,CREAM CUPID HEARTS COAT HANGER
C10324,556798,32,4.99,2011-07-30 10:39,CHILDRENS CUTLERY CIRCUS PARADE
C10301,588372,18,4.8,2011-10-13 11:28,RED HARMONIA NOTEBOOK
C10317,579523,18,1.63,2011-03-02 12:10,CREAM CUPID HEARTS COAT HANGER
C10341,553154,31,2.09,2010-12-20 16:12,LUNCH BAG BLACK SKULL
C10263,551515,18,3.32,2011-06-21 11:00,STRAWBERRY CERAMIC TRINKET BOX
C10415,593359,72,3.06,2010-12-21 09:55,CREAM CUPID HEARTS COAT HANGER
C10466,589281,94,4.6,2011-02-14 17:28,CHILDRENS CUTLERY CIRCUS PARADE
C10445,534941,219,5.5,2010-12-31 17:48,PACK OF 20 SPACEBOY NAPKINS
C10236,568237,54,1.74,2011-08-31 17:03,SAVE THE PLANET MUG
C10528,520646,174,7.9,2011-10-03 10:26,STRAWBERRY CERAMIC TRINKET BOX
C10519,585744,187,7.69,2011-08-06 13:53,PACK OF 20 SPACEBOY NAPKINS
C10448,549139,274,3.67,2011-08-25 10:45,CHILDRENS CUTLERY CIRCUS PARADE
C10462,585588,213,4.97,2011-01-18 17:00,PACK OF 20 SPACEBOY NAPKINS
C10518,595489,200,7.44,2011-08-14 17:30,SET OF 4 PANTRY JELLY MOULDS
C10349,553420,58,1.35,2011-11-18 13:54,RED WOOLLY HOTTIE WHITE HEART
C10515,578300,51,2.52,2011-09-16 09:36,CHILDRENS CUTLERY CIRCUS PARADE
C10469,543295,124,4.51,2010-12-22 13:40,LUNCH BAG BLACK SKULL
C10455,535652,212,3.8,2011-04-10 13:14,BAKING SET 9 PIECE RETROSPOT
C10526,595436,188,7.01,2011-05-03 10:02,LUNCH BAG RED RETROSPOT
C10499,534567,167,2.77,2011-10-18 09:31,RECYCLED ACRYLIC DROP EARRINGS
C10228,574437,14,1.36,2011-06-09 08:21,SAVE THE PLANET MUG
C10480,524029,246,5.27,2011-11-06 13:08,BAKING SET 9 PIECE RETROSPOT
C10447,584518,152,2.63,2011-10-26 14:05,PACK OF 20 SPACEBOY NAPKINS
C10402,593200,51,2.22,2011-08-20 09:45,SAVE THE PLANET MUG
C10407,529706,55,3.46,2011-05-15 17:56,WHITE METAL LANTERN
C10464,522695,134,2.18,2011-07-06 12:44,KNITTED UNION FLAG HOT WATER BOTTLE
C10530,549094,167,2.74,2011-11-09 14:19,KNITTED UNION FLAG HOT WATER BOTTLE
C10518,539536,159,3.9,2010-12-31 11:23,SET OF 4 PANTRY JELLY MOULDS
C10432,552304,35,5.82,2011-09-07 13:47,WHITE METAL LANTERN
C10319,517279,51,2.45,2010-12-23 17:28,WHITE HANGING HEART T-LIGHT HOLDER
C10496,518655,184,6.99,2011-07-26 08:44,ASSORTED COLOUR BIRD ORNAMENT
C10468,561031,274,5.34,2010-12-20 12:43,CHILDRENS CUTLERY CIRCUS PARADE
C10507,580852,89,3.09,2011-08-29 11:35,LUNCH BAG RED RETROSPOT
C10320,530325,51,4.17,2011-09-15 17:27,JAM MAKING SET WITH JARS
C10421,520929,76,2.16,2011-01-01 11:14,ASSORTED COLOUR BIRD ORNAMENT
C10375,589215,55,3.14,2011-06-17 15:42,JAM MAKING SET WITH JARS
C10445,512841,149,2.68,2011-11-14 17:43,HAND WARMER RED POLKA DOT
C10399,585499,79,5.93,2011-06-28 13:05,SAVE THE PLANET MUG
C10528,565441,157,5.74,2011-05-03 16:20,CHILDRENS APRON DOLLY GIRL
C10379,581260,34,1.77,2010-12-14 14:00,CREAM CUPID HEARTS COAT HANGER
C10345,535480,31,4.42,2011-12-07 11:58,HAND WARMER UNION JACK
C10394,581256,24,2.74,2011-02-03 15:11,CHILDRENS APRON DOLLY GIRL
C10498,599165,116,4.1,2011-11-30 12:46,WHITE METAL LANTERN
C10460,580070,208,4.51,2011-08-14 12:49,CREAM CUPID HEARTS COAT HANGER
C10105,518617,11,3.71,2011-09-10 17:23,GLASS STAR FROSTED T-LIGHT HOLDER
C10389,599302,48,5.22,2011-08-04 13:55,CREAM CUPID HEARTS COAT HANGER
C10025,592213,5,1.69,2010-12-14 12:36,POPCORN HOLDER
C10075,570260,2,2.59,2011-06-13 16:45,JAM MAKING SET WITH JARS
C10018,560205,4,1.88,2011-12-01 12:15,STRAWBERRY CERAMIC TRINKET BOX
C10512,564839,197,7.28,2011-11-03 10:53,RED HARMONIA NOTEBOOK
C10506,582911,185,4.46,2011-03-30 14:15,CREAM CUPID HEARTS COAT HANGER
C10236,599881,19,2.12,2011-10-01 08:42,WHITE HANGING HEART T-LIGHT HOLDER
C10322,527709,29,1.62,2011-03-05 09:47,SAVE THE PLANET MUG
C10304,564702,58,4.66,2011-02-18 16:14,HAND WARMER RED POLKA DOT
C10042,591973,11,3.39,2011-06-25 16:52,RECYCLED ACRYLIC DROP EARRINGS
C10500,545593,79,5.69,2011-02-17 13:35,POPCORN HOLDER
C10515,585246,90,3.2,2011-06-26 12:46,VICTORIAN GLASS HANGING T-LIGHT
C10512,571805,180,7.97,2010-12-04 13:34,RED HARMONIA NOTEBOOK
C10525,585031,140,2.56,2011-04-25 08:01,RED WOOLLY HOTTIE WHITE HEART
C10499,539705,140,3.85,2011-07-28 08:07,RECYCLED ACRYLIC DROP EARRINGS
C10525,564786,78,8.04,2011-03-03 08:05,WOODEN PICTURE FRAME WHITE FINISH
C10135,559479,8,2.62,2011-02-08 14:23,HAND WARMER RED POLKA DOT
C10447,514526,236,4.8,2011-10-06 16:12,HAND WARMER UNION JACK
C10336,567923,18,1.51,2010-12-18 14:20,LUNCH BAG PINK POLKADOT
C10297,518782,51,3.62,2011-10-18 09:24,CHILDRENS APRON DOLLY GIRL
C10259,595830,49,1.91,2011-07-16 13:47,HAND WARMER UNION JACK
C10421,511258,77,2.95,2011-03-08 09:57,WHITE METAL LANTERN
C10258,520277,59,4.38,2011-04-25 13:20,POPCORN HOLDER
C10031,580236,5,2.29,2011-03-29 09:46,ZINC T-LIGHT HOLDER STARS SMALL
C10519,588733,77,6.93,2011-10-12 15:53,WHITE METAL LANTERN
C10356,529323,41,4.14,2011-07-12 11:14,RECYCLED ACRYLIC DROP EARRINGS
C10482,586397,231,3.78,2011-12-02 17:48,MINI PAINT SET VINTAGE
C10105,582305,9,3.51,2011-08-10 08:23,GLASS STAR FROSTED T-LIGHT HOLDER
C10518,546178,70,3.04,2011-07-03 14:35,CHILDRENS CUTLERY CIRCUS PARADE
C10232,573142,29,4.16,2011-06-11 13:29,JAM MAKING SET WITH JARS
C10370,553888,37,3.51,2011-03-27 14:24,POPCORN HOLDER
C10441,584499,135,4.28,2011-06-03 11:09,RED HARMONIA NOTEBOOK
C10458,558072,114,2.49,2011-05-07 11:31,LUNCH BAG BLACK SKULL
C10455,569388,214,5.21,2011-06-09 10:45,CHILDRENS APRON DOLLY GIRL
C10453,593026,143,2.12,2011-10-11 16:56,PACK OF 12 LONDON TISSUES
C10247,581529,18,4.42,2011-01-07 13:59,RED HARMONIA NOTEBOOK
C10002,561876,7,2.1,2011-04-13 11:42,PACK OF 12 LONDON TISSUES
C10511,512970,52,7.83,2011-05-18 09:50,BAKING SET 9 PIECE RETROSPOT
C10253,516822,49,4.21,2011-08-05 12:19,CHILDRENS APRON DOLLY GIRL
C10272,586156,23,4.02,2011-03-26 10:21,STRAWBERRY CERAMIC TRINKET BOX
C10444,560711,92,4.3,2011-01-08 10:23,CHILDRENS CUTLERY CIRCUS PARADE
C10429,565215,64,5.57,2011-07-12 16:05,WOODEN PICTURE FRAME WHITE FINISH
C10160,566441,15,1.58,2010-12-04 14:21,HAND WARMER RED POLKA DOT
C10484,510055,264,2.98,2011-09-04 16:08,POPCORN HOLDER
C10464,540317,224,5.06,2011-04-05 16:54,PACK OF 12 LONDON TISSUES
C10248,532103,30,5.32,2011-03-10 13:31,CHILDRENS APRON DOLLY GIRL
C10490,566197,174,4.66,2011-07-17 16:20,WHITE METAL LANTERN
C10014,540784,3,3.55,2011-01-13 12:32,PACK OF 12 LONDON TISSUES
C10343,599762,47,2.11,2011-11-03 16:04,VICTORIAN GLASS HANGING T-LIGHT
C10461,530058,288,2.86,2011-05-31 08:42,CREAM CUPID HEARTS COAT HANGER
C10180,547171,13,1.38,2011-07-08 11:31,ASSORTED COLOUR BIRD ORNAMENT
C10449,558866,188,4.4,2011-04-09 11:32,STRAWBERRY CERAMIC TRINKET BOX
C10152,519744,13,0.93,2011-10-27 13:36,LUNCH BAG RED RETROSPOT
C10505,528580,139,5.76,2011-10-11 08:42,SET 7 BABUSHKA NESTING BOXES
C10459,565358,288,2.64,2011-01-10 08:37,GLASS STAR FROSTED T-LIGHT HOLDER
C10374,532245,27,3.63,2011-03-17 17:38,WHITE METAL LANTERN
C10444,540549,190,4.61,2011-01-08 08:46,ASSORTED COLOUR BIRD ORNAMENT
C10270,524585,28,1.31,2011-03-30 11:43,BAKING SET 9 PIECE RETROSPOT
C10356,526555,53,5.22,2011-04-12 09:18,VICTORIAN GLASS HANGING T-LIGHT
C10487,545173,144,2.79,2011-02-04 11:55,CHILDRENS CUTLERY CIRCUS PARADE
C10382,516880,15,5.71,2011-09-22 08:18,JUMBO BAG RED RETROSPOT
C10197,542129,22,2.1,2011-10-15 11:29,HAND WARMER RED POLKA DOT
C10173,520835,19,1.66,2011-06-15 16:32,WHITE HANGING HEART T-LIGHT HOLDER
C10493,533219,93,4.17,2011-05-21 13:05,ZINC T-LIGHT HOLDER STARS SMALL
C10459,553850,186,1.65,2011-03-06 15:29,LUNCH BAG BLACK SKULL
C10487,519538,177,4.16,2011-10-01 13:28,PACK OF 20 SPACEBOY NAPKINS
C10471,565830,223,3.3,2011-06-04 11:57,BAKING SET 9 PIECE RETROSPOT
C10438,541508,52,1.67,2011-10-25 13:47,RED HARMONIA NOTEBOOK
C10487,547382,158,4.02,2011-02-23 08:13,WOODEN PICTURE FRAME WHITE FINISH
C10462,547704,185,5.12,2011-05-20 12:47,BAKING SET 9 PIECE RETROSPOT
C10362,574598,51,4.06,2011-07-13 13:51,WHITE METAL LANTERN
C10363,590678,22,3.2,2011-07-18 10:43,PACK OF 20 SPACEBOY NAPKINS
C10523,540210,187,8.5,2011-06-30 08:10,WHITE HANGING HEART T-LIGHT HOLDER
C10326,591027,44,3.9,2011-07-15 10:49,LUNCH BAG RED RETROSPOT
C10489,558623,245,2.92,2011-09-12 15:45,MINI PAINT SET VINTAGE
C10386,542029,60,3.82,2011-04-28 11:33,PACK OF 20 SPACEBOY NAPKINS
C10004,524029,4,2.16,2011-10-31 16:00,LUNCH BAG BLACK SKULL
C10362,521814,67,5.0,2011-04-07 17:26,PACK OF 20 SPACEBOY NAPKINS
C10453,528255,276,3.86,2011-08-12 09:27,JAM MAKING SET WITH JARS
C10454,531711,141,3.2,2011-07-04 11:17,JAM MAKING SET WITH JARS
C10506,567162,78,6.16,2011-10-15 12:42,CREAM CUPID HEARTS COAT HANGER
C10042,577952,8,1.64,2010-12-01 16:29,RECYCLED ACRYLIC DROP EARRINGS
C10431,592328,19,5.74,2011-10-07 16:55,LUNCH BAG PINK POLKADOT
C10469,573605,204,3.91,2011-02-04 14:49,HAND WARMER UNION JACK
C10290,554572,33,3.52,2011-11-06 14:17,BAKING SET 9 PIECE RETROSPOT
C10469,521584,181,5.01,2010-12-10 08:12,SET OF 4 PANTRY JELLY MOULDS
C10481,575034,189,3.78,2011-09-29 13:23,HAND WARMER UNION JACK
C10458,544076,96,3.21,2011-08-04 09:49,WHITE METAL LANTERN
C10228,568079,12,1.07,2011-08-01 12:57,SAVE THE PLANET MUG
C10379,542145,53,2.49,2011-02-04 14:46,PACK OF 12 LONDON TISSUES
C10247,580405,46,3.79,2011-08-15 09:18,POPCORN HOLDER
C10469,525181,271,5.34,2011-08-10 14:27,ASSORTED COLOUR BIRD ORNAMENT
C10085,557526,10,2.4,2011-09-13 14:41,HAND WARMER RED POLKA DOT
C10044,541946,9,3.95,2011-10-28 10:31,GLASS STAR FROSTED T-LIGHT HOLDER
C10525,570807,100,5.26,2011-10-01 08:50,RED WOOLLY HOTTIE WHITE HEART
C10348,584606,16,4.28,2011-06-18 11:29,WOODEN PICTURE FRAME WHITE FINISH
C10468,559452,83,2.29,2011-03-21 11:48,CREAM CUPID HEARTS COAT HANGER
C10468,540323,218,2.49,2011-10-24 08:54,SAVE THE PLANET MUG
C10241,577147,18,3.0,2011-10-21 17:07,POPCORN HOLDER
C10380,574985,52,3.68,2011-07-03 14:56,STRAWBERRY CERAMIC TRINKET BOX
C10274,565372,28,3.21,2011-09-02 14:47,RED HARMONIA NOTEBOOK
C10497,529831,132,4.1,2011-06-26 16:56,LUNCH BAG RED RETROSPOT
C10272,523994,19,4.56,2011-12-09 14:33,STRAWBERRY CERAMIC TRINKET BOX
C10137,596533,3,1.58,2011-04-21 11:59,GLASS STAR FROSTED T-LIGHT HOLDER
C10357,528030,51,1.95,2011-07-05 15:22,RED HARMONIA NOTEBOOK
C10391,560342,37,4.82,2010-12-24 08:54,BAKING SET 9 PIECE RETROSPOT
C10372,539794,79,2.98,2011-09-09 14:15,LUNCH BAG BLACK SKULL
C10463,570762,144,1.26,2011-03-14 10:13,ZINC T-LIGHT HOLDER STARS SMALL
C10352,560172,44,4.05,2011-10-06 15:43,KNITTED UNION FLAG HOT WATER BOTTLE
C10299,529443,59,4.84,2011-05-05 17:08,WHITE HANGING HEART T-LIGHT HOLDER
C10405,513262,43,4.16,2011-05-15 14:32,RECYCLED ACRYLIC DROP EARRINGS
C10150,556457,10,2.13,2011-01-19 16:09,POPCORN HOLDER
C10495,593519,171,2.29,2011-01-01 10:42,ZINC T-LIGHT HOLDER STARS SMALL
C10315,539423,53,3.35,2011-10-10 11:58,HAND WARMER UNION JACK
C10273,567577,21,5.19,2011-10-12 12:38,SET OF 4 PANTRY JELLY MOULDS
C10274,577649,12,3.62,2010-12-22 11:33,PACK OF 20 SPACEBOY NAPKINS
C10376,584752,60,5.62,2011-06-26 09:19,SET 7 BABUSHKA NESTING BOXES
C10284,589242,24,2.04,2011-02-10 11:35,RED HARMONIA NOTEBOOK
C10443,535168,173,4.87,2010-12-11 15:42,ZINC T-LIGHT HOLDER STARS SMALL
C10448,593142,162,2.9,2010-12-22 08:14,ASSORTED COLOUR BIRD ORNAMENT
C10518,563104,187,2.64,2011-01-25 16:19,SET OF 4 PANTRY JELLY MOULDS
C10266,533644,16,1.96,2011-04-07 17:40,GLASS STAR FROSTED T-LIGHT HOLDER
C10109,584991,12,2.03,2011-10-16 17:21,PACK OF 12 LONDON TISSUES
C10429,562543,40,2.86,2011-05-31 16:38,POPCORN HOLDER
C10032,526591,2,3.27,2011-03-10 12:14,PACK OF 20 SPACEBOY NAPKINS
C10060,540947,9,2.61,2011-08-08 17:26,BAKING SET 9 PIECE RETROSPOT
C10227,591034,13,1.51,2011-07-31 08:11,STRAWBERRY CERAMIC TRINKET BOX
C10525,572470,149,5.64,2011-11-01 14:25,RED WOOLLY HOTTIE WHITE HEART
C10316,552368,10,3.24,2011-04-24 11:26,HAND WARMER UNION JACK
C10496,593105,53,3.27,2011-10-02 10:00,MINI PAINT SET VINTAGE
C10281,571377,18,1.64,2011-06-15 08:05,SET OF 4 PANTRY JELLY MOULDS
C10292,552498,57,4.13,2011-10-09 10:53,ASSORTED COLOUR BIRD ORNAMENT
C10272,529025,37,5.48,2011-04-11 14:56,STRAWBERRY CERAMIC TRINKET BOX
C10322,592058,51,2.28,2011-08-31 08:00,RED WOOLLY HOTTIE WHITE HEART
C10464,594281,110,5.46,2011-08-04 11:11,RED HARMONIA NOTEBOOK
C10426,512077,64,5.46,2011-06-13 17:52,CHILDRENS APRON DOLLY GIRL
C10526,531880,171,8.05,2011-09-16 11:11,PACK OF 12 LONDON TISSUES
C10483,518089,82,3.54,2011-02-20 08:40,SET 7 BABUSHKA NESTING BOXES
C10423,529715,67,5.24,2011-11-04 12:18,LUNCH BAG PINK POLKADOT
C10067,572163,7,3.88,2011-07-21 14:26,LUNCH BAG BLACK SKULL
C10310,522053,49,4.41,2011-08-12 16:51,POPCORN HOLDER
C10381,523489,42,3.94,2011-09-27 12:10,CHILDRENS APRON DOLLY GIRL
C10425,513437,54,2.44,2011-03-26 13:27,SET OF 4 PANTRY JELLY MOULDS
C10370,544786,78,4.53,2011-09-05 12:06,POPCORN HOLDER
C10415,564664,37,2.93,2010-12-13 16:17,CREAM CUPID HEARTS COAT HANGER
C10349,559089,15,1.5,2011-02-02 12:15,RED WOOLLY HOTTIE WHITE HEART
C10478,574268,264,1.73,2011-11-27 09:42,LUNCH BAG BLACK SKULL
C10313,540983,53,1.77,2011-05-07 08:41,LUNCH BAG PINK POLKADOT
C10512,596412,152,4.06,2011-11-06 11:05,ZINC T-LIGHT HOLDER STARS SMALL
C10454,563267,111,1.66,2011-06-11 16:25,HAND WARMER UNION JACK
C10479,591654,143,2.09,2011-12-05 13:42,RED HARMONIA NOTEBOOK
C10511,525930,55,6.98,2011-08-25 12:57,LUNCH BAG PINK POLKADOT
C10371,572118,17,3.23,2011-08-04 14:38,POPCORN HOLDER
C10240,557617,40,4.3,2011-06-25 14:02,CHILDRENS CUTLERY CIRCUS PARADE
C10455,523305,262,1.58,2011-09-19 13:23,RECYCLED ACRYLIC DROP EARRINGS
C10415,555270,70,5.53,2011-05-22 12:49,CREAM CUPID HEARTS COAT HANGER
C10436,550142,15,3.07,2011-05-29 09:21,PACK OF 12 LONDON TISSUES
C10469,584978,220,2.03,2011-01-09 09:16,MINI PAINT SET VINTAGE
C10520,593819,116,3.43,2010-12-02 13:01,ZINC T-LIGHT HOLDER STARS SMALL
C10528,521641,169,6.29,2011-02-20 14:09,CREAM CUPID HEARTS COAT HANGER
C10342,596356,57,1.29,2011-03-07 14:49,MINI PAINT SET VINTAGE
C10465,512625,284,4.53,2011-05-01 15:03,KNITTED UNION FLAG HOT WATER BOTTLE
C10457,587303,250,4.15,2011-08-21 08:42,CHILDRENS CUTLERY CIRCUS PARADE
C10484,588602,249,4.46,2011-06-12 13:06,WOODEN PICTURE FRAME WHITE FINISH
C10436,532595,62,5.39,2011-05-31 10:45,LUNCH BAG RED RETROSPOT
C10488,525331,117,1.76,2011-11-26 16:06,RED HARMONIA NOTEBOOK
C10520,544547,81,4.67,2011-05-14 09:08,WHITE METAL LANTERN
C10235,527536,37,5.02,2011-05-14 16:12,WHITE HANGING HEART T-LIGHT HOLDER
C10078,595918,11,1.88,2011-10-27 10:15,BAKING SET 9 PIECE RETROSPOT
C10448,569198,110,4.01,2011-03-31 09:48,CHILDRENS CUTLERY CIRCUS PARADE
C10250,520202,47,4.03,2011-04-20 12:37,LUNCH BAG PINK POLKADOT
C10269,535966,18,3.29,2010-12-26 16:25,JAM MAKING SET WITH JARS
C10447,589500,196,2.42,2011-03-15 10:18,WOODEN PICTURE FRAME WHITE FINISH
C10156,523965,17,1.37,2011-04-17 10:24,ASSORTED COLOUR BIRD ORNAMENT
C10466,545312,185,1.88,2011-11-14 12:54,JUMBO BAG RED RETROSPOT
C10174,574921,19,1.78,2010-12-17 12:14,HAND WARMER RED POLKA DOT
C10504,545501,110,2.67,2010-12-06 15:54,PACK OF 20 SPACEBOY NAPKINS
C10445,552515,199,4.99,2011-01-03 17:16,MINI PAINT SET VINTAGE
C10373,598432,60,5.89,2011-06-09 14:12,RED WOOLLY HOTTIE WHITE HEART
C10499,536201,179,7.34,2011-11-15 10:46,RECYCLED ACRYLIC DROP EARRINGS
C10433,530317,20,2.72,2011-04-30 17:36,ZINC T-LIGHT HOLDER STARS SMALL
C10254,583284,28,4.34,2011-11-02 16:18,LUNCH BAG BLACK SKULL
C10313,520498,60,1.39,2011-12-02 13:52,LUNCH BAG PINK POLKADOT
C10483,531672,289,3.76,2011-09-03 10:06,LUNCH BAG RED RETROSPOT
C10472,597539,194,1.57,2011-12-09 13:14,POPCORN HOLDER
C10466,520040,153,3.34,2011-05-22 08:02,JUMBO BAG RED RETROSPOT
C10236,512587,16,4.03,2011-02-02 13:45,SET 7 BABUSHKA NESTING BOXES
C10074,543491,5,3.42,2010-12-04 11:19,GLASS STAR FROSTED T-LIGHT HOLDER
C10452,544472,219,2.84,2011-07-16 09:06,ASSORTED COLOUR BIRD ORNAMENT
C10497,582719,137,8.15,2011-06-22 17:06,LUNCH BAG BLACK SKULL
C10293,545513,23,1.86,2011-05-21 09:07,RED WOOLLY HOTTIE WHITE HEART
C10450,581302,108,5.46,2011-05-14 13:26,LUNCH BAG PINK POLKADOT
C10278,517342,36,5.19,2011-04-24 12:50,SET 7 BABUSHKA NESTING BOXES
C10311,535154,25,1.73,2011-03-20 15:17,CREAM CUPID HEARTS COAT HANGER
C10494,532840,237,3.87,2011-02-05 15:38,CREAM CUPID HEARTS COAT HANGER
C10317,577760,58,5.19,2011-09-13 08:37,WHITE METAL LANTERN
C10378,539351,15,5.74,2011-01-28 11:54,PACK OF 20 SPACEBOY NAPKINS
C10460,543697,248,2.49,2011-03-28 17:16,GLASS STAR FROSTED T-LIGHT HOLDER
C10477,575481,263,3.34,2010-12-14 10:59,LUNCH BAG RED RETROSPOT
C10517,564914,86,8.37,2011-01-13 10:35,WOODEN PICTURE FRAME WHITE FINISH
C10452,537991,142,4.91,2011-11-21 13:40,PACK OF 20 SPACEBOY NAPKINS
C10309,565203,46,3.44,2011-09-29 14:39,CHILDRENS APRON DOLLY GIRL
C10406,511785,24,3.28,2011-06-27 08:17,PACK OF 20 SPACEBOY NAPKINS
C10259,518361,35,1.69,2011-03-31 12:47,HAND WARMER UNION JACK
C10464,586399,105,1.63,2011-10-18 14:42,ZINC T-LIGHT HOLDER STARS SMALL
C10302,570745,29,3.35,2011-09-11 15:45,SET 7 BABUSHKA NESTING BOXES
C10421,580376,76,3.67,2010-12-21 17:17,WOODEN PICTURE FRAME WHITE FINISH
C10451,550607,200,1.4,2011-06-17 13:13,PACK OF 12 LONDON TISSUES
C10123,572793,9,3.14,2011-02-13 12:02,PACK OF 20 SPACEBOY NAPKINS
C10502,530669,119,3.1,2011-08-26 17:54,HAND WARMER UNION JACK
C10478,574631,268,4.41,2011-06-13 10:55,WOODEN PICTURE FRAME WHITE FINISH
C10513,532332,117,2.91,2010-12-07 17:58,PACK OF 20 SPACEBOY NAPKINS
C10479,595688,130,3.28,2011-01-11 17:54,RED HARMONIA NOTEBOOK
C10321,522384,42,3.06,2010-12-24 16:06,CHILDRENS CUTLERY CIRCUS PARADE
C10470,550579,277,3.38,2011-09-08 16:08,CHILDRENS APRON DOLLY GIRL
C10375,572419,42,4.7,2011-06-23 09:14,CHILDRENS APRON DOLLY GIRL
C10452,596017,97,5.38,2011-07-31 08:17,PACK OF 20 SPACEBOY NAPKINS
C10255,551383,53,4.23,2011-07-23 15:57,RED WOOLLY HOTTIE WHITE HEART
C10406,567357,30,2.37,2011-06-29 12:47,GLASS STAR FROSTED T-LIGHT HOLDER
C10017,593579,6,3.38,2011-12-04 16:27,PACK OF 20 SPACEBOY NAPKINS
C10458,590666,148,3.77,2011-06-26 14:09,WOODEN PICTURE FRAME WHITE FINISH
C10434,589179,28,5.16,2011-01-19 16:45,SAVE THE PLANET MUG
C10101,560181,12,2.42,2011-02-03 09:15,JAM MAKING SET WITH JARS
C10482,547572,118,2.17,2011-10-17 17:01,LUNCH BAG RED RETROSPOT
C10209,538758,6,2.11,2011-01-21 11:42,RED WOOLLY HOTTIE WHITE HEART
C10460,597555,210,1.77,2011-08-29 11:02,SET OF 4 PANTRY JELLY MOULDS
C10421,542639,48,5.42,2011-11-19 15:11,SAVE THE PLANET MUG
C10510,583993,62,3.11,2011-06-26 09:32,SAVE THE PLANET MUG
C10482,525765,231,3.12,2011-06-25 14:27,WHITE HANGING HEART T-LIGHT HOLDER
C10308,566450,55,1.95,2011-10-06 13:09,POPCORN HOLDER
C10382,564405,75,2.06,2010-12-10 17:00,PACK OF 20 SPACEBOY NAPKINS
C10369,511231,16,5.1,2010-12-11 09:52,LUNCH BAG RED RETROSPOT
C10375,572050,61,5.08,2011-11-15 08:39,SET OF 4 PANTRY JELLY MOULDS
C10455,531889,94,2.92,2011-12-01 08:24,BAKING SET 9 PIECE RETROSPOT
C10327,526351,58,4.02,2011-05-09 16:21,JUMBO BAG RED RETROSPOT
C10362,590777,30,3.41,2011-11-27 15:11,SAVE THE PLANET MUG
C10514,576757,194,2.75,2011-01-19 15:15,MINI PAINT SET VINTAGE
C10340,540169,38,3.45,2011-03-31 14:13,CHILDRENS APRON DOLLY GIRL
C10503,530903,164,7.01,2011-11-27 13:35,CHILDRENS CUTLERY CIRCUS PARADE
C10378,564336,45,1.67,2011-07-29 09:22,WHITE HANGING HEART T-LIGHT HOLDER
C10490,593267,222,3.61,2011-03-10 14:26,WHITE METAL LANTERN
C10308,575260,22,2.5,2011-01-04 15:43,HAND WARMER UNION JACK
C10063,532838,11,2.31,2011-02-28 09:42,JAM MAKING SET WITH JARS
C10499,557656,94,2.51,2011-06-07 13:41,SET 7 BABUSHKA NESTING BOXES
C10077,554500,8,3.68,2011-04-04 14:37,CHILDRENS APRON DOLLY GIRL
C10465,595151,202,2.93,2011-11-16 14:06,WOODEN PICTURE FRAME WHITE FINISH
C10498,549595,197,4.79,2011-04-03 09:05,WHITE METAL LANTERN
C10215,537483,19,0.87,2011-08-12 10:21,CHILDRENS CUTLERY CIRCUS PARADE
C10420,570204,40,3.2,2011-10-21 12:30,VICTORIAN GLASS HANGING T-LIGHT
C10520,513580,66,5.15,2011-02-18 15:32,GLASS STAR FROSTED T-LIGHT HOLDER
C10242,516955,11,2.87,2011-10-16 12:43,CHILDRENS APRON DOLLY GIRL
C10330,583315,51,1.78,2011-06-21 13:34,MINI PAINT SET VINTAGE
C10255,573172,47,4.91,2011-04-04 13:49,LUNCH BAG BLACK SKULL
C10262,593692,17,2.33,2011-09-05 15:11,WHITE METAL LANTERN
C10498,541395,96,3.18,2011-04-17 15:21,SET 7 BABUSHKA NESTING BOXES
C10511,593649,96,6.86,2011-02-09 12:33,LUNCH BAG PINK POLKADOT
C10455,550841,127,2.22,2011-06-25 11:13,CHILDRENS APRON DOLLY GIRL
C10125,521725,6,3.11,2011-10-31 15:30,WHITE HANGING HEART T-LIGHT HOLDER
C10372,565524,35,1.7,2011-02-14 13:09,JAM MAKING SET WITH JARS
C10252,573192,37,2.23,2011-01-30 09:30,POPCORN HOLDER
C10465,580182,183,2.51,2011-10-13 10:02,LUNCH BAG BLACK SKULL
C10475,573347,216,4.49,2011-04-08 10:59,CREAM CUPID HEARTS COAT HANGER
C10514,569609,171,7.51,2011-04-01 14:57,SET 7 BABUSHKA NESTING BOXES
C10530,585444,107,5.01,2011-10-10 16:27,KNITTED UNION FLAG HOT WATER BOTTLE
C10075,519447,12,3.52,2011-03-28 16:35,JAM MAKING SET WITH JARS
C10365,543064,27,3.52,2011-10-12 11:05,RECYCLED ACRYLIC DROP EARRINGS
C10393,580283,44,3.45,2011-10-10 09:56,CREAM CUPID HEARTS COAT HANGER
C10508,511294,117,4.24,2011-07-16 12:56,ZINC T-LIGHT HOLDER STARS SMALL
C10480,525551,138,5.37,2011-01-21 09:18,RED WOOLLY HOTTIE WHITE HEART
C10504,544137,176,4.43,2011-05-27 13:15,RED HARMONIA NOTEBOOK
C10289,533388,22,3.84,2011-06-11 17:51,POPCORN HOLDER
C10332,510131,45,3.17,2011-08-16 14:07,ZINC T-LIGHT HOLDER STARS SMALL
C10323,572041,51,3.02,2011-08-11 17:38,SET 7 BABUSHKA NESTING BOXES
C10485,518109,188,4.15,2011-08-05 09:49,CHILDRENS APRON DOLLY GIRL
C10040,553687,9,2.37,2011-08-23 15:58,LUNCH BAG PINK POLKADOT
C10166,554966,9,1.42,2011-01-13 09:53,LUNCH BAG PINK POLKADOT
C10257,583680,41,2.53,2011-03-31 16:27,RED HARMONIA NOTEBOOK
C10049,547667,12,3.21,2011-10-17 15:55,CHILDRENS APRON DOLLY GIRL
C10525,535982,102,8.4,2011-05-30 14:10,RED WOOLLY HOTTIE WHITE HEART
C10377,523606,26,5.16,2011-11-22 16:49,BAKING SET 9 PIECE RETROSPOT
C10408,565758,80,5.16,2011-08-25 17:41,POPCORN HOLDER
C10379,588105,29,3.65,2011-06-19 12:53,CREAM CUPID HEARTS COAT HANGER
C10358,520831,10,1.76,2011-06-11 14:43,SAVE THE PLANET MUG
C10372,532751,19,4.28,2011-02-09 09:44,JAM MAKING SET WITH JARS
C10249,577388,49,4.16,2011-09-29 11:58,PACK OF 20 SPACEBOY NAPKINS
C10529,555187,95,3.63,2011-08-30 15:50,VICTORIAN GLASS HANGING T-LIGHT
C10284,589223,36,4.91,2010-12-06 09:41,RECYCLED ACRYLIC DROP EARRINGS
C10506,590608,73,5.33,2011-12-06 09:14,CHILDRENS CUTLERY CIRCUS PARADE
C10475,561299,227,4.85,2010-12-16 09:10,PACK OF 12 LONDON TISSUES
C10327,510683,29,3.68,2011-09-02 13:24,JUMBO BAG RED RETROSPOT
C10240,576628,50,2.54,2011-01-15 15:28,MINI PAINT SET VINTAGE
C10527,580596,66,6.2,2011-05-18 17:51,RED HARMONIA NOTEBOOK
C10470,539232,294,4.57,2011-09-20 10:59,PACK OF 12 LONDON TISSUES
C10399,563543,55,2.16,2011-05-30 16:32,SAVE THE PLANET MUG
C10501,528970,96,3.9,2011-07-21 14:02,JAM MAKING SET WITH JARS
C10312,578846,52,4.77,2011-01-02 14:57,SAVE THE PLANET MUG
C10482,560070,154,1.68,2011-09-09 09:52,BAKING SET 9 PIECE RETROSPOT
C10073,547125,7,2.57,2011-10-07 15:26,HAND WARMER UNION JACK
C10518,594129,86,3.1,2011-04-19 11:19,SET OF 4 PANTRY JELLY MOULDS
C10368,560067,28,4.79,2010-12-01 13:40,POPCORN HOLDER
C10477,522137,240,2.55,2011-10-24 11:37,CREAM CUPID HEARTS COAT HANGER
C10463,536335,244,2.2,2011-06-18 13:12,CHILDRENS CUTLERY CIRCUS PARADE
C10509,547679,70,8.32,2011-07-13 16:42,WHITE HANGING HEART T-LIGHT HOLDER
C10481,577669,205,1.94,2010-12-09 17:23,HAND WARMER UNION JACK
C10479,554212,129,3.08,2011-12-09 08:35,WHITE METAL LANTERN
C10103,568341,9,1.93,2011-10-10 12:44,HAND WARMER UNION JACK
C10502,598607,117,2.6,2011-06-16 12:36,ZINC T-LIGHT HOLDER STARS SMALL
C10488,588409,102,4.91,2011-04-14 14:03,SET 7 BABUSHKA NESTING BOXES
C10503,534000,129,5.25,2011-02-03 08:15,CREAM CUPID HEARTS COAT HANGER
C10359,595419,55,4.73,2011-08-23 17:34,HAND WARMER RED POLKA DOT
C10450,520714,291,4.2,2011-04-23 12:46,LUNCH BAG PINK POLKADOT
C10290,519188,56,4.57,2011-02-16 13:57,JAM MAKING SET WITH JARS
C10481,524077,251,2.81,2011-01-03 13:28,CHILDRENS APRON DOLLY GIRL
C10503,573870,72,6.38,2011-06-20 13:33,KNITTED UNION FLAG HOT WATER BOTTLE
C10221,559996,10,1.46,2011-06-22 15:31,LUNCH BAG PINK POLKADOT
C10246,539837,14,3.69,2011-11-09 11:55,JUMBO BAG RED RETROSPOT
C10364,560967,66,3.83,2011-07-11 08:22,POPCORN HOLDER
C10233,595778,53,5.07,2011-08-12 12:16,JAM MAKING SET WITH JARS
C10231,537096,51,2.21,2011-07-31 17:35,PACK OF 20 SPACEBOY NAPKINS
C10200,551288,14,1.28,2011-09-17 08:27,VICTORIAN GLASS HANGING T-LIGHT
C10084,555851,11,3.16,2011-02-15 13:05,CHILDRENS APRON DOLLY GIRL
C10459,575677,277,4.75,2011-07-18 10:09,KNITTED UNION FLAG HOT WATER BOTTLE
C10384,533153,52,2.47,2011-06-22 16:27,PACK OF 20 SPACEBOY NAPKINS
C10246,592603,36,2.9,2011-11-16 14:53,STRAWBERRY CERAMIC TRINKET BOX
C10343,526926,20,5.46,2011-02-26 09:43,VICTORIAN GLASS HANGING T-LIGHT
C10521,585721,87,5.35,2011-01-04 11:21,RED HARMONIA NOTEBOOK
C10507,579892,157,5.98,2011-11-29 08:59,LUNCH BAG RED RETROSPOT
C10284,576770,49,2.01,2010-12-09 10:46,RECYCLED ACRYLIC DROP EARRINGS
C10516,583402,90,6.22,2011-12-02 17:02,STRAWBERRY CERAMIC TRINKET BOX
C10512,520775,125,3.56,2011-03-06 13:22,RED HARMONIA NOTEBOOK
C10335,565058,13,2.43,2011-05-15 14:54,BAKING SET 9 PIECE RETROSPOT
C10269,566369,25,1.55,2011-08-14 14:49,HAND WARMER RED POLKA DOT
C10491,519501,114,5.47,2011-08-07 12:24,MINI PAINT SET VINTAGE
C10111,555268,7,3.34,2011-07-26 11:21,LUNCH BAG PINK POLKADOT
C10502,546922,150,4.59,2011-02-21 16:10,LUNCH BAG RED RETROSPOT
C10478,552611,140,5.06,2011-03-04 15:07,LUNCH BAG BLACK SKULL
C10514,581717,78,5.92,2011-02-16 08:02,SET OF 4 PANTRY JELLY MOULDS
C10473,518007,196,3.28,2011-03-06 09:00,JUMBO BAG RED RETROSPOT
C10446,572414,242,5.14,2011-02-05 16:18,LUNCH BAG PINK POLKADOT
C10226,555071,14,2.28,2011-09-28 17:48,LUNCH BAG RED RETROSPOT
C10262,582034,50,4.35,2011-07-26 08:21,LUNCH BAG PINK POLKADOT
C10224,592211,11,2.5,2011-07-18 10:10,RECYCLED ACRYLIC DROP EARRINGS
C10378,596334,51,2.81,2011-07-04 11:14,LUNCH BAG PINK POLKADOT
C10329,574067,23,2.03,2011-02-19 16:23,ZINC T-LIGHT HOLDER STARS SMALL
C10484,580073,279,2.19,2011-01-03 15:00,KNITTED UNION FLAG HOT WATER BOTTLE
C10400,567106,72,4.87,2011-06-24 16:15,JAM MAKING SET WITH JARS
C10027,570931,10,3.44,2011-03-01 16:41,LUNCH BAG RED RETROSPOT
C10363,525448,46,5.27,2010-12-27 14:31,PACK OF 12 LONDON TISSUES
C10300,581584,30,1.91,2010-12-13 14:59,ZINC T-LIGHT HOLDER STARS SMALL
C10483,534761,292,4.83,2011-07-16 08:46,ZINC T-LIGHT HOLDER STARS SMALL
C10349,515191,30,3.99,2011-09-27 08:14,STRAWBERRY CERAMIC TRINKET BOX
C10380,538351,80,4.96,2011-01-09 11:43,STRAWBERRY CERAMIC TRINKET BOX
C10527,524633,169,6.85,2011-08-05 15:42,WHITE HANGING HEART T-LIGHT HOLDER
C10334,591951,15,4.72,2011-03-09 15:00,PACK OF 20 SPACEBOY NAPKINS
C10425,596267,55,5.69,2011-04-30 08:39,RECYCLED ACRYLIC DROP EARRINGS
C10279,549666,25,2.83,2011-05-23 14:40,HAND WARMER UNION JACK
C10288,556073,16,4.16,2011-09-26 14:29,STRAWBERRY CERAMIC TRINKET BOX
C10401,525264,50,4.83,2011-10-12 13:06,JUMBO BAG RED RETROSPOT
C10464,587004,145,1.3,2011-07-30 17:12,PACK OF 12 LONDON TISSUES
C10113,521802,6,2.74,2011-02-20 15:32,RECYCLED ACRYLIC DROP EARRINGS
C10362,521395,44,2.98,2011-02-18 10:09,PACK OF 12 LONDON TISSUES
C10489,516039,164,1.33,2011-06-16 15:27,MINI PAINT SET VINTAGE
C10405,524195,62,4.97,2011-04-15 17:30,CHILDRENS APRON DOLLY GIRL
C10316,542547,49,3.17,2011-03-03 14:50,WHITE METAL LANTERN
C10243,599803,34,2.9,2011-05-01 11:48,JUMBO BAG RED RETROSPOT
C10427,557917,56,4.51,2011-02-19 09:00,MINI PAINT SET VINTAGE
C10493,584172,280,4.62,2011-12-09 08:38,CHILDRENS CUTLERY CIRCUS PARADE
C10221,581319,13,1.0,2011-01-29 12:50,LUNCH BAG PINK POLKADOT
C10478,550378,161,3.61,2011-04-16 15:08,LUNCH BAG BLACK SKULL
C10427,593473,32,5.38,2011-02-12 14:02,RED WOOLLY HOTTIE WHITE HEART
C10529,582462,105,4.42,2011-11-19 12:02,LUNCH BAG BLACK SKULL
C10408,516840,24,5.55,2011-06-15 13:36,PACK OF 12 LONDON TISSUES
C10466,593498,162,1.95,2010-12-06 08:49,CHILDRENS CUTLERY CIRCUS PARADE
C10495,565280,244,5.05,2010-12-06 09:31,VICTORIAN GLASS HANGING T-LIGHT
C10303,517669,26,1.94,2011-01-04 17:47,PACK OF 20 SPACEBOY NAPKINS
C10503,595344,57,2.7,2011-05-05 14:59,HAND WARMER RED POLKA DOT
C10400,569444,62,4.58,2011-10-08 17:06,LUNCH BAG RED RETROSPOT
C10196,511044,7,1.76,2011-08-22 08:25,GLASS STAR FROSTED T-LIGHT HOLDER
C10507,534886,50,8.34,2011-05-31 16:44,PACK OF 20 SPACEBOY NAPKINS
C10416,575401,71,2.31,2011-08-21 16:54,RED HARMONIA NOTEBOOK
C10478,575289,227,4.7,2011-07-30 14:33,ZINC T-LIGHT HOLDER STARS SMALL
C10253,554359,23,3.41,2011-06-08 16:35,VICTORIAN GLASS HANGING T-LIGHT
C10370,523621,51,3.17,2011-08-19 14:09,POPCORN HOLDER
C10384,522820,71,2.84,2011-03-06 12:01,STRAWBERRY CERAMIC TRINKET BOX
C10439,590651,23,2.7,2011-11-22 15:08,BAKING SET 9 PIECE RETROSPOT
C10353,533950,22,1.5,2011-01-05 14:33,PACK OF 20 SPACEBOY NAPKINS
C10432,567379,77,3.18,2011-06-24 13:49,STRAWBERRY CERAMIC TRINKET BOX
C10148,590808,11,3.09,2011-11-28 10:00,LUNCH BAG RED RETROSPOT
C10406,565797,25,5.66,2011-05-22 10:02,VICTORIAN GLASS HANGING T-LIGHT
C10495,534388,162,4.89,2011-06-10 11:01,VICTORIAN GLASS HANGING T-LIGHT
C10430,593631,70,3.48,2011-07-16 10:43,RED WOOLLY HOTTIE WHITE HEART
C10519,530518,183,7.1,2011-07-30 10:35,CREAM CUPID HEARTS COAT HANGER
C10488,543483,208,3.43,2010-12-08 13:15,SET 7 BABUSHKA NESTING BOXES
C10494,538548,263,5.03,2011-11-19 17:07,PACK OF 12 LONDON TISSUES
C10383,523849,34,5.34,2011-04-18 10:59,ZINC T-LIGHT HOLDER STARS SMALL
C10476,540803,149,2.78,2011-04-01 14:28,SET OF 4 PANTRY JELLY MOULDS
C10524,581159,92,4.54,2011-06-09 11:46,GLASS STAR FROSTED T-LIGHT HOLDER
C10506,577025,145,7.0,2011-01-19 11:13,CREAM CUPID HEARTS COAT HANGER
C10422,549329,75,2.1,2011-05-05 09:59,STRAWBERRY CERAMIC TRINKET BOX
C10126,534420,8,3.47,2011-02-28 14:56,CHILDRENS CUTLERY CIRCUS PARADE
C10529,589062,89,6.03,2011-10-09 14:41,RED WOOLLY HOTTIE WHITE HEART
C10121,542311,11,2.71,2011-08-27 14:20,LUNCH BAG PINK POLKADOT
C10521,582542,191,4.92,2011-11-13 11:11,RECYCLED ACRYLIC DROP EARRINGS
C10335,513148,40,3.09,2011-11-13 16:39,BAKING SET 9 PIECE RETROSPOT
C10484,537963,184,1.71,2011-08-19 12:09,CHILDRENS APRON DOLLY GIRL
C10280,567817,27,3.51,2011-01-14 13:29,CHILDRENS CUTLERY CIRCUS PARADE
C10404,513177,35,2.88,2011-10-09 13:08,MINI PAINT SET VINTAGE
C10483,515653,242,1.46,2011-11-04 12:06,LUNCH BAG RED RETROSPOT
C10407,562857,54,3.25,2011-11-12 12:33,WHITE METAL LANTERN
C10372,526401,63,5.9,2011-10-01 10:01,JAM MAKING SET WITH JARS
C10330,581019,22,5.31,2011-07-19 15:09,LUNCH BAG BLACK SKULL
C10462,534582,266,4.55,2011-01-24 15:02,PACK OF 12 LONDON TISSUES
C10291,595701,35,1.75,2011-06-15 11:19,JUMBO BAG RED RETROSPOT
C10347,518280,22,4.14,2011-11-05 09:24,BAKING SET 9 PIECE RETROSPOT
C10325,526119,31,4.73,2011-08-07 12:21,WOODEN PICTURE FRAME WHITE FINISH
C10247,511461,56,4.0,2011-02-19 16:14,POPCORN HOLDER
C10404,542598,42,4.06,2011-07-18 14:14,HAND WARMER UNION JACK
C10005,516658,9,2.13,2011-03-18 13:13,HAND WARMER RED POLKA DOT
C10171,533992,12,1.35,2011-02-07 13:07,SET OF 4 PANTRY JELLY MOULDS
C10438,533368,80,3.93,2010-12-25 16:01,LUNCH BAG PINK POLKADOT
C10305,522934,58,3.53,2011-11-18 11:19,CHILDRENS APRON DOLLY GIRL
C10494,541671,147,1.44,2011-11-01 17:16,ASSORTED COLOUR BIRD ORNAMENT
C10441,554260,93,2.1,2011-10-29 15:59,RED HARMONIA NOTEBOOK
C10405,572495,44,3.59,2011-06-11 12:27,LUNCH BAG RED RETROSPOT
C10306,566093,45,2.98,2011-05-31 14:27,KNITTED UNION FLAG HOT WATER BOTTLE
C10398,525891,68,3.99,2011-05-26 11:24,LUNCH BAG PINK POLKADOT
C10525,565033,51,6.67,2011-02-07 14:25,WOODEN PICTURE FRAME WHITE FINISH
C10024,525012,11,3.02,2011-02-03 15:42,GLASS STAR FROSTED T-LIGHT HOLDER
C10508,590977,193,4.61,2011-04-17 15:09,HAND WARMER RED POLKA DOT
C10030,582140,8,3.99,2011-06-26 11:19,WHITE HANGING HEART T-LIGHT HOLDER
C10524,522332,140,2.56,2011-01-03 08:24,GLASS STAR FROSTED T-LIGHT HOLDER
C10303,556659,50,5.13,2011-04-12 15:44,STRAWBERRY CERAMIC TRINKET BOX
C10368,522280,33,5.57,2011-06-01 11:46,GLASS STAR FROSTED T-LIGHT HOLDER
C10512,523741,69,2.71,2011-04-28 11:25,RED HARMONIA NOTEBOOK
C10527,536992,57,4.94,2010-12-12 12:36,VICTORIAN GLASS HANGING T-LIGHT
C10487,574131,253,4.4,2011-08-30 08:29,CHILDRENS APRON DOLLY GIRL
C10457,516722,265,5.46,2011-12-01 15:46,CHILDRENS CUTLERY CIRCUS PARADE
C10524,587424,188,7.25,2011-03-15 15:21,POPCORN HOLDER
C10510,589246,151,3.32,2011-10-05 11:02,BAKING SET 9 PIECE RETROSPOT
C10506,567074,145,5.73,2011-02-16 17:20,CHILDRENS CUTLERY CIRCUS PARADE
C10513,534316,126,7.26,2011-08-20 14:01,SET 7 BABUSHKA NESTING BOXES
C10382,555327,53,2.84,2010-12-24 12:26,WHITE METAL LANTERN
C10271,573525,16,5.09,2010-12-05 09:24,BAKING SET 9 PIECE RETROSPOT
C10530,557775,71,5.34,2011-03-08 17:05,RECYCLED ACRYLIC DROP EARRINGS
C10494,529203,255,3.66,2011-05-05 08:13,JUMBO BAG RED RETROSPOT
C10417,579796,55,3.84,2011-07-20 15:01,MINI PAINT SET VINTAGE
C10359,596321,58,4.45,2011-08-29 15:04,HAND WARMER RED POLKA DOT
C10328,587101,53,3.49,2011-01-01 14:56,RECYCLED ACRYLIC DROP EARRINGS
C10449,585992,265,2.25,2011-10-12 09:56,STRAWBERRY CERAMIC TRINKET BOX
C10348,588494,36,2.53,2011-02-27 08:25,SET 7 BABUSHKA NESTING BOXES
C10512,554972,146,4.96,2011-01-29 09:24,LUNCH BAG BLACK SKULL
C10354,534633,42,3.01,2011-05-25 13:52,POPCORN HOLDER
C10339,533461,41,3.46,2011-11-30 09:07,MINI PAINT SET VINTAGE
C10305,511832,16,4.73,2011-08-05 14:02,JAM MAKING SET WITH JARS
C10488,577460,124,3.45,2011-10-26 17:07,RED HARMONIA NOTEBOOK
C10253,531206,57,2.23,2011-06-06 17:17,HAND WARMER UNION JACK
C10514,522169,97,4.66,2011-07-01 10:04,RED HARMONIA NOTEBOOK
C10473,540926,300,5.24,2011-03-10 12:33,JUMBO BAG RED RETROSPOT
C10517,527042,152,8.22,2011-11-06 14:07,CHILDRENS APRON DOLLY GIRL
C10506,546932,149,6.33,2011-07-26 10:41,CHILDRENS CUTLERY CIRCUS PARADE
C10480,560773,163,3.54,2011-02-15 17:18,STRAWBERRY CERAMIC TRINKET BOX
C10288,511110,45,1.29,2011-01-20 12:41,RECYCLED ACRYLIC DROP EARRINGS
C10502,584843,52,8.49,2011-11-21 13:37,GLASS STAR FROSTED T-LIGHT HOLDER
C10336,598575,31,4.02,2011-10-04 17:28,LUNCH BAG PINK POLKADOT
C10362,541462,25,1.98,2011-04-16 08:58,WHITE METAL LANTERN
C10390,595972,80,1.92,2011-09-15 14:00,PACK OF 12 LONDON TISSUES
C10293,532878,36,2.27,2011-06-08 16:10,RECYCLED ACRYLIC DROP EARRINGS
C10314,592352,10,2.95,2011-01-03 13:26,ZINC T-LIGHT HOLDER STARS SMALL
C10262,552344,53,5.34,2011-06-14 08:07,HAND WARMER RED POLKA DOT
C10417,597062,61,4.39,2011-06-21 11:13,CREAM CUPID HEARTS COAT HANGER
C10459,535776,236,5.19,2011-11-03 14:50,RECYCLED ACRYLIC DROP EARRINGS
C10511,541896,130,4.6,2011-10-08 15:57,BAKING SET 9 PIECE RETROSPOT
C10528,560446,78,6.82,2011-05-18 08:12,CREAM CUPID HEARTS COAT HANGER
C10218,595673,5,1.56,2011-06-11 10:46,RED WOOLLY HOTTIE WHITE HEART
C10429,529929,43,5.32,2011-05-27 12:28,WOODEN PICTURE FRAME WHITE FINISH
C10261,569345,50,3.19,2011-02-22 14:53,WOODEN PICTURE FRAME WHITE FINISH
C10511,537015,118,7.27,2011-01-11 15:00,WHITE HANGING HEART T-LIGHT HOLDER
C10509,560960,177,4.34,2011-04-30 14:28,WHITE HANGING HEART T-LIGHT HOLDER
C10530,575038,74,2.58,2011-06-23 10:53,POPCORN HOLDER
C10380,513866,29,5.56,2011-02-21 10:19,STRAWBERRY CERAMIC TRINKET BOX
C10458,515299,250,3.68,2011-05-10 08:27,WHITE METAL LANTERN
C10504,567764,188,3.86,2011-07-14 09:46,JAM MAKING SET WITH JARS
C10429,523125,36,3.28,2011-02-16 17:55,PACK OF 20 SPACEBOY NAPKINS
C10478,583179,115,3.71,2011-12-03 11:59,WOODEN PICTURE FRAME WHITE FINISH
C10463,582318,178,2.18,2011-11-22 08:26,ASSORTED COLOUR BIRD ORNAMENT
C10505,510197,99,7.95,2011-01-09 10:06,VICTORIAN GLASS HANGING T-LIGHT
C10161,546739,12,1.39,2011-05-13 12:47,RED HARMONIA NOTEBOOK
C10499,555876,159,3.02,2011-08-23 08:02,SAVE THE PLANET MUG
C10307,587982,22,2.69,2011-02-12 14:25,PACK OF 12 LONDON TISSUES
C10265,519225,43,1.42,2011-10-16 17:16,MINI PAINT SET VINTAGE
C10499,539105,171,6.65,2011-07-06 08:38,STRAWBERRY CERAMIC TRINKET BOX
C10253,510693,34,5.35,2011-09-12 15:11,HAND WARMER UNION JACK
C10517,543888,133,3.85,2010-12-17 08:29,CHILDRENS APRON DOLLY GIRL
C10507,579990,65,5.21,2010-12-02 08:00,LUNCH BAG RED RETROSPOT
C10312,541205,41,5.01,2011-01-27 17:47,STRAWBERRY CERAMIC TRINKET BOX
C10280,528554,45,2.6,2011-08-05 16:19,CHILDRENS CUTLERY CIRCUS PARADE
C10427,572349,23,2.14,2010-12-15 15:02,CHILDRENS CUTLERY CIRCUS PARADE
C10372,533910,68,2.3,2010-12-07 17:53,LUNCH BAG BLACK SKULL
C10208,538707,5,1.38,2011-06-17 12:11,KNITTED UNION FLAG HOT WATER BOTTLE
C10251,563840,20,2.18,2011-09-20 10:03,VICTORIAN GLASS HANGING T-LIGHT
C10446,535320,195,2.91,2011-10-10 09:38,LUNCH BAG PINK POLKADOT
C10508,556998,186,7.5,2011-10-13 14:27,WOODEN PICTURE FRAME WHITE FINISH
C10514,543277,97,3.22,2011-02-08 13:51,HAND WARMER RED POLKA DOT
C10491,515717,100,4.43,2011-11-10 16:09,STRAWBERRY CERAMIC TRINKET BOX
C10519,525930,91,8.32,2011-01-27 14:06,WHITE HANGING HEART T-LIGHT HOLDER
C10485,521835,256,5.04,2011-04-12 17:34,CHILDRENS APRON DOLLY GIRL
C10385,541276,54,5.36,2010-12-02 09:11,BAKING SET 9 PIECE RETROSPOT
C10353,524312,50,5.13,2011-03-04 16:07,KNITTED UNION FLAG HOT WATER BOTTLE
C10486,564884,298,3.94,2011-02-08 12:33,WHITE METAL LANTERN
C10447,526847,152,1.94,2011-05-01 08:47,LUNCH BAG PINK POLKADOT
C10286,532989,38,2.82,2011-01-27 17:11,JAM MAKING SET WITH JARS
C10370,546937,28,5.81,2010-12-01 11:01,POPCORN HOLDER
C10367,584959,38,1.67,2011-08-05 14:33,STRAWBERRY CERAMIC TRINKET BOX
C10369,517323,76,2.32,2011-12-06 16:08,JAM MAKING SET WITH JARS
C10425,519078,31,4.0,2011-04-21 15:28,PACK OF 20 SPACEBOY NAPKINS
C10462,566324,220,2.26,2011-02-20 17:35,CHILDRENS CUTLERY CIRCUS PARADE
C10429,582844,24,2.74,2011-08-19 11:09,POPCORN HOLDER
C10265,590862,60,4.26,2011-08-06 11:06,MINI PAINT SET VINTAGE
C10444,589358,261,5.45,2011-02-01 08:45,ASSORTED COLOUR BIRD ORNAMENT
C10361,561060,21,2.39,2011-10-28 16:38,SET OF 4 PANTRY JELLY MOULDS
C10518,546336,66,5.67,2011-01-14 13:50,SET OF 4 PANTRY JELLY MOULDS
C10374,585564,35,1.95,2011-06-03 17:54,PACK OF 12 LONDON TISSUES
C10471,551116,128,4.68,2011-08-24 10:42,WOODEN PICTURE FRAME WHITE FINISH
C10282,584345,60,5.42,2011-04-02 17:15,WHITE HANGING HEART T-LIGHT HOLDER
C10384,516964,29,2.61,2011-08-18 13:03,STRAWBERRY CERAMIC TRINKET BOX
C10522,560805,196,3.21,2011-04-16 10:43,WHITE METAL LANTERN
C10467,543010,134,1.69,2011-04-17 08:59,PACK OF 20 SPACEBOY NAPKINS
C10479,586923,227,1.96,2010-12-23 12:48,RED HARMONIA NOTEBOOK
C10164,598797,23,2.47,2011-04-07 13:10,RECYCLED ACRYLIC DROP EARRINGS
C10459,523709,175,2.68,2011-06-28 09:59,STRAWBERRY CERAMIC TRINKET BOX
C10369,572970,25,2.53,2011-04-05 15:58,LUNCH BAG RED RETROSPOT
C10337,571263,54,4.19,2011-10-01 09:37,WHITE HANGING HEART T-LIGHT HOLDER
C10529,560718,97,6.13,2011-06-26 08:15,WHITE HANGING HEART T-LIGHT HOLDER
C10239,594070,32,4.07,2011-09-22 17:14,ASSORTED COLOUR BIRD ORNAMENT
C10472,551182,102,5.23,2011-06-29 10:03,WHITE METAL LANTERN
C10275,596445,31,3.65,2011-07-19 08:11,LUNCH BAG BLACK SKULL
C10513,550575,173,6.79,2011-05-06 11:37,POPCORN HOLDER
C10499,568024,88,6.34,2011-04-22 08:41,GLASS STAR FROSTED T-LIGHT HOLDER
C10108,587569,10,3.1,2011-04-25 09:16,MINI PAINT SET VINTAGE
C10254,556285,27,4.56,2011-02-25 08:23,RED WOOLLY HOTTIE WHITE HEART
C10289,517872,34,2.9,2011-03-05 09:44,POPCORN HOLDER
C10450,528040,102,3.81,2011-02-28 08:36,LUNCH BAG PINK POLKADOT
C10507,592720,136,6.31,2011-03-23 14:27,LUNCH BAG RED RETROSPOT
C10502,526817,134,5.5,2011-07-25 14:43,PACK OF 20 SPACEBOY NAPKINS
C10482,587286,235,3.38,2011-01-04 09:03,JAM MAKING SET WITH JARS
C10453,557380,128,4.17,2011-08-20 09:36,SAVE THE PLANET MUG
C10437,557932,23,3.12,2011-01-21 15:12,WHITE METAL LANTERN
C10524,583163,93,6.03,2011-04-17 13:55,RED HARMONIA NOTEBOOK
C10275,533444,20,4.94,2011-07-21 09:16,PACK OF 20 SPACEBOY NAPKINS
C10162,519064,14,2.22,2011-07-25 11:28,PACK OF 12 LONDON TISSUES
C10281,571039,15,5.39,2011-06-01 12:21,LUNCH BAG BLACK SKULL
C10384,574699,50,3.95,2011-07-09 11:09,WHITE HANGING HEART T-LIGHT HOLDER
C10310,520048,37,2.14,2011-11-07 13:10,POPCORN HOLDER
C10442,546861,200,4.22,2011-10-09 17:33,ZINC T-LIGHT HOLDER STARS SMALL
C10426,596632,41,5.42,2011-08-22 09:10,CHILDRENS APRON DOLLY GIRL
C10333,551720,42,5.32,2011-01-05 12:05,CHILDRENS CUTLERY CIRCUS PARADE
C10263,512798,38,4.37,2011-10-02 10:23,LUNCH BAG RED RETROSPOT
C10275,527245,50,2.02,2011-09-26 16:08,ASSORTED COLOUR BIRD ORNAMENT
C10468,511098,264,4.92,2011-01-18 17:29,MINI PAINT SET VINTAGE
C10437,574325,45,5.83,2011-05-22 15:59,POPCORN HOLDER
C10393,535712,22,1.76,2011-04-18 08:06,JUMBO BAG RED RETROSPOT
C10503,546776,86,5.91,2011-05-22 15:00,MINI PAINT SET VINTAGE
C10430,554744,34,1.96,2011-04-21 13:00,GLASS STAR FROSTED T-LIGHT HOLDER
C10419,573254,33,5.62,2011-07-02 12:56,GLASS STAR FROSTED T-LIGHT HOLDER
C10458,515104,159,2.65,2011-05-19 12:05,CHILDRENS APRON DOLLY GIRL
C10284,520494,40,5.34,2011-11-09 10:08,CREAM CUPID HEARTS COAT HANGER
C10434,594536,59,4.77,2011-02-07 13:55,LUNCH BAG RED RETROSPOT
C10405,532184,25,2.06,2011-09-28 14:12,SAVE THE PLANET MUG
C10306,547784,41,4.49,2011-01-24 10:53,PACK OF 12 LONDON TISSUES
C10350,540973,60,5.21,2010-12-04 09:55,SET 7 BABUSHKA NESTING BOXES
C10472,574499,222,4.64,2011-03-14 09:05,BAKING SET 9 PIECE RETROSPOT
C10438,537004,20,5.66,2011-10-09 14:19,STRAWBERRY CERAMIC TRINKET BOX
C10457,523958,285,4.92,2011-12-05 12:09,CHILDRENS CUTLERY CIRCUS PARADE
C10354,562665,10,3.19,2011-03-19 16:50,POPCORN HOLDER
C10530,555824,177,8.44,2011-09-21 15:20,SET OF 4 PANTRY JELLY MOULDS
C10530,551385,173,6.46,2011-05-06 11:54,HAND WARMER RED POLKA DOT
C10361,530118,35,3.48,2011-01-08 16:16,WOODEN PICTURE FRAME WHITE FINISH
C10496,535423,76,3.96,2011-11-26 09:24,KNITTED UNION FLAG HOT WATER BOTTLE
C10237,537222,12,3.58,2011-01-28 09:31,BAKING SET 9 PIECE RETROSPOT
C10350,573176,58,1.91,2011-11-06 11:51,SET 7 BABUSHKA NESTING BOXES
C10498,587136,111,4.71,2011-04-23 10:05,SET 7 BABUSHKA NESTING BOXES
C10492,571894,232,2.34,2011-01-06 14:37,LUNCH BAG BLACK SKULL
C10472,588878,121,3.65,2011-05-14 08:29,MINI PAINT SET VINTAGE
C10480,546883,138,1.8,2011-11-01 08:51,POPCORN HOLDER
C10435,574877,18,4.47,2011-09-03 17:20,ASSORTED COLOUR BIRD ORNAMENT
C10450,550180,116,5.14,2011-11-19 15:51,LUNCH BAG PINK POLKADOT
C10238,587430,16,3.02,2011-04-28 13:51,POPCORN HOLDER
C10435,533506,46,5.91,2011-09-02 12:21,SAVE THE PLANET MUG
C10422,561935,35,2.48,2011-07-14 09:48,WOODEN PICTURE FRAME WHITE FINISH
C10511,550288,196,8.41,2011-10-01 14:42,GLASS STAR FROSTED T-LIGHT HOLDER
C10412,576448,44,4.97,2011-01-21 10:58,CHILDRENS APRON DOLLY GIRL
C10380,526591,32,2.61,2011-05-10 15:51,STRAWBERRY CERAMIC TRINKET BOX
C10477,574164,142,3.02,2011-11-20 14:21,VICTORIAN GLASS HANGING T-LIGHT
C10458,533274,93,1.26,2011-04-04 10:39,GLASS STAR FROSTED T-LIGHT HOLDER
C10198,579443,14,1.02,2011-09-04 13:40,CHILDRENS CUTLERY CIRCUS PARADE
C10502,545342,107,5.95,2011-06-07 13:07,LUNCH BAG RED RETROSPOT
C10293,549478,50,4.76,2011-07-13 11:59,VICTORIAN GLASS HANGING T-LIGHT
C10318,545755,20,4.44,2011-03-28 10:02,CHILDRENS CUTLERY CIRCUS PARADE
C10452,565345,191,3.62,2010-12-03 14:49,PACK OF 20 SPACEBOY NAPKINS
C10457,579036,241,4.08,2011-08-17 10:00,CHILDRENS CUTLERY CIRCUS PARADE
C10497,529248,80,3.03,2011-06-07 14:53,SET 7 BABUSHKA NESTING BOXES
C10486,589723,241,2.67,2011-05-07 13:14,WHITE METAL LANTERN
C10391,513177,39,2.02,2011-11-13 15:20,VICTORIAN GLASS HANGING T-LIGHT
C10526,589089,132,7.18,2011-02-25 12:35,HAND WARMER RED POLKA DOT
C10297,558029,49,1.42,2011-09-21 11:50,CHILDRENS APRON DOLLY GIRL
C10346,546587,38,1.85,2011-01-04 09:35,WHITE HANGING HEART T-LIGHT HOLDER
C10253,588675,19,3.25,2011-09-22 13:49,LUNCH BAG RED RETROSPOT
C10394,558094,71,4.75,2011-04-24 08:20,CHILDRENS APRON DOLLY GIRL
C10478,582500,243,2.54,2011-03-03 13:30,WOODEN PICTURE FRAME WHITE FINISH
C10466,573016,101,4.17,2011-01-06 14:46,CHILDRENS CUTLERY CIRCUS PARADE
C10482,575130,245,4.78,2011-01-21 12:21,KNITTED UNION FLAG HOT WATER BOTTLE
C10314,524526,30,3.7,2011-05-17 15:44,PACK OF 20 SPACEBOY NAPKINS
C10191,521300,12,0.95,2011-10-29 09:19,STRAWBERRY CERAMIC TRINKET BOX
C10441,539751,261,4.99,2010-12-11 14:51,RED HARMONIA NOTEBOOK
C10446,544866,198,3.81,2011-09-16 15:04,CHILDRENS CUTLERY CIRCUS PARADE
C10130,599925,6,1.9,2011-11-07 09:29,KNITTED UNION FLAG HOT WATER BOTTLE
C10264,569517,26,3.55,2011-01-05 16:09,ZINC T-LIGHT HOLDER STARS SMALL
C10249,584233,38,1.93,2011-10-31 10:23,PACK OF 20 SPACEBOY NAPKINS
C10364,511788,34,3.15,2011-08-07 08:09,ASSORTED COLOUR BIRD ORNAMENT
C10287,579501,53,2.59,2011-08-30 11:24,SAVE THE PLANET MUG
C10508,576723,153,4.15,2011-04-19 14:40,ZINC T-LIGHT HOLDER STARS SMALL
C10454,568002,184,4.28,2011-09-08 17:52,JAM MAKING SET WITH JARS
C10342,580464,58,4.56,2011-07-13 15:54,BAKING SET 9 PIECE RETROSPOT
C10511,523737,150,8.39,2011-01-26 17:03,LUNCH BAG PINK POLKADOT
C10524,581136,51,4.32,2011-03-28 08:00,SET 7 BABUSHKA NESTING BOXES
C10459,515039,264,2.02,2011-05-20 13:37,LUNCH BAG PINK POLKADOT
C10220,537125,11,1.01,2011-08-09 10:03,VICTORIAN GLASS HANGING T-LIGHT
C10493,523332,250,5.46,2011-03-01 13:51,HAND WARMER UNION JACK
C10445,582001,180,1.92,2011-12-02 15:00,VICTORIAN GLASS HANGING T-LIGHT
C10278,598142,31,4.79,2010-12-04 09:43,WOODEN PICTURE FRAME WHITE FINISH
C10423,567443,40,4.09,2011-11-26 11:13,HAND WARMER UNION JACK
C10186,594491,9,1.26,2011-02-02 17:46,BAKING SET 9 PIECE RETROSPOT
C10465,538068,160,2.36,2011-03-18 11:08,ZINC T-LIGHT HOLDER STARS SMALL
C10179,573968,16,1.6,2011-01-08 09:25,LUNCH BAG BLACK SKULL
C10526,566151,155,7.02,2011-11-18 15:11,HAND WARMER RED POLKA DOT
C10458,574272,180,4.75,2011-06-23 14:36,CHILDRENS APRON DOLLY GIRL
C10468,510402,265,5.11,2011-05-31 11:53,SET OF 4 PANTRY JELLY MOULDS
C10104,593584,6,3.63,2011-09-04 12:57,PACK OF 12 LONDON TISSUES
C10336,583303,16,4.13,2011-02-02 09:03,LUNCH BAG PINK POLKADOT
C10229,530836,6,1.7,2011-10-06 09:12,SAVE THE PLANET MUG
C10453,545486,142,2.91,2011-11-26 10:49,PACK OF 20 SPACEBOY NAPKINS
C10256,565466,13,3.48,2011-01-10 15:39,WHITE METAL LANTERN
C10467,534504,167,3.56,2011-08-28 09:56,WHITE METAL LANTERN
C10462,526802,128,4.42,2011-09-18 09:40,POPCORN HOLDER
C10213,532983,12,1.95,2011-05-04 13:08,CREAM CUPID HEARTS COAT HANGER
C10433,577970,67,2.46,2011-11-30 17:58,SET 7 BABUSHKA NESTING BOXES
C10117,549221,8,3.98,2011-10-07 16:08,LUNCH BAG PINK POLKADOT
C10408,578417,60,3.01,2011-10-12 15:13,VICTORIAN GLASS HANGING T-LIGHT
C10048,544737,9,3.45,2011-02-12 14:55,SAVE THE PLANET MUG
C10383,556269,52,4.74,2011-01-17 12:49,RED HARMONIA NOTEBOOK
C10347,597046,16,4.64,2011-11-11 16:13,BAKING SET 9 PIECE RETROSPOT
C10426,550629,27,3.19,2011-03-18 09:31,RED HARMONIA NOTEBOOK
C10361,593909,67,1.94,2011-02-22 14:29,SET OF 4 PANTRY JELLY MOULDS
C10407,565858,50,2.89,2011-10-11 13:33,MINI PAINT SET VINTAGE
C10489,597614,190,5.38,2011-09-07 09:52,MINI PAINT SET VINTAGE
C10358,576813,41,3.98,2011-06-22 15:19,CHILDRENS APRON DOLLY GIRL
C10438,515861,62,4.61,2011-05-07 17:47,LUNCH BAG RED RETROSPOT
C10497,589253,100,6.61,2011-01-15 14:43,VICTORIAN GLASS HANGING T-LIGHT
C10413,555464,65,3.97,2011-07-12 09:46,CHILDRENS APRON DOLLY GIRL
C10049,518968,10,1.59,2011-08-31 14:20,CHILDRENS APRON DOLLY GIRL
C10181,530707,8,2.38,2010-12-25 08:06,PACK OF 12 LONDON TISSUES
C10361,523762,43,3.3,2011-04-17 11:45,SET OF 4 PANTRY JELLY MOULDS
C10476,566118,287,5.13,2011-05-12 08:01,CHILDRENS CUTLERY CIRCUS PARADE
C10497,534873,146,3.5,2011-02-22 10:36,HAND WARMER UNION JACK
C10339,529472,44,2.5,2011-02-12 10:50,MINI PAINT SET VINTAGE
C10233,550250,24,2.76,2011-09-19 11:21,GLASS STAR FROSTED T-LIGHT HOLDER
C10490,520162,172,3.18,2011-08-25 17:00,WHITE METAL LANTERN
C10033,554657,9,2.7,2010-12-07 17:18,STRAWBERRY CERAMIC TRINKET BOX
C10039,598381,2,1.73,2010-12-21 14:47,SET OF 4 PANTRY JELLY MOULDS
C10248,539035,30,2.3,2011-04-25 17:04,STRAWBERRY CERAMIC TRINKET BOX
C10140,564568,10,2.3,2011-02-28 14:35,HAND WARMER UNION JACK
C10505,558350,84,2.67,2011-10-19 11:38,SET 7 BABUSHKA NESTING BOXES
C10416,570613,31,2.85,2011-04-04 08:23,ASSORTED COLOUR BIRD ORNAMENT
C10428,585654,59,2.47,2010-12-08 10:40,MINI PAINT SET VINTAGE
C10320,570755,12,3.43,2011-08-08 15:56,PACK OF 12 LONDON TISSUES
C10481,567603,183,1.92,2011-11-25 12:02,RED WOOLLY HOTTIE WHITE HEART
C10406,565598,29,1.82,2011-11-19 11:48,MINI PAINT SET VINTAGE
C10211,527103,24,1.18,2011-03-30 17:14,LUNCH BAG PINK POLKADOT
C10239,583183,19,4.82,2011-11-01 13:00,CHILDRENS CUTLERY CIRCUS PARADE
C10474,570477,264,3.92,2011-09-06 08:10,JAM MAKING SET WITH JARS
C10284,560425,45,4.74,2011-01-13 10:41,WHITE METAL LANTERN
C10410,510422,37,4.41,2011-06-08 08:39,CHILDRENS APRON DOLLY GIRL
C10020,573654,5,2.18,2011-07-03 16:47,WHITE HANGING HEART T-LIGHT HOLDER
C10488,537799,262,3.71,2011-11-09 13:16,PACK OF 20 SPACEBOY NAPKINS
C10508,511299,181,7.34,2011-07-18 11:19,HAND WARMER RED POLKA DOT
C10339,571691,56,1.6,2011-06-12 13:20,LUNCH BAG RED RETROSPOT
C10379,527111,63,1.76,2010-12-27 17:27,WOODEN PICTURE FRAME WHITE FINISH
C10489,519676,188,2.39,2011-09-10 12:59,ZINC T-LIGHT HOLDER STARS SMALL
C10521,530812,136,4.57,2011-06-25 10:57,RED HARMONIA NOTEBOOK
C10450,557229,252,3.55,2010-12-23 09:49,LUNCH BAG PINK POLKADOT
C10258,554222,20,3.97,2011-10-29 16:11,POPCORN HOLDER
C10106,577811,9,2.66,2011-08-03 16:26,SAVE THE PLANET MUG
C10491,562336,92,1.52,2011-01-08 09:34,LUNCH BAG BLACK SKULL
C10420,575679,34,4.2,2011-03-27 08:54,BAKING SET 9 PIECE RETROSPOT
C10286,554937,43,4.91,2011-04-22 12:08,LUNCH BAG PINK POLKADOT
C10440,552160,36,4.8,2011-07-25 11:57,JUMBO BAG RED RETROSPOT
C10440,567523,57,4.51,2011-03-07 11:46,SAVE THE PLANET MUG
C10158,532227,12,1.79,2011-01-13 16:57,HAND WARMER RED POLKA DOT
C10443,568842,259,2.55,2011-02-15 09:59,LUNCH BAG BLACK SKULL
C10431,541275,27,2.16,2011-03-24 17:27,POPCORN HOLDER
C10099,520494,6,2.3,2011-07-06 09:27,SAVE THE PLANET MUG
C10098,578062,9,2.42,2011-06-23 15:57,WHITE METAL LANTERN
C10379,585937,17,4.43,2011-05-12 16:10,CREAM CUPID HEARTS COAT HANGER
C10500,537724,146,6.05,2011-10-27 16:14,KNITTED UNION FLAG HOT WATER BOTTLE
C10496,586268,89,5.55,2011-03-03 11:27,ASSORTED COLOUR BIRD ORNAMENT
C10478,552854,267,3.07,2011-02-11 17:05,ZINC T-LIGHT HOLDER STARS SMALL
C10490,521400,112,1.34,2011-09-07 11:18,WHITE METAL LANTERN
C10261,574694,15,1.89,2011-10-29 16:51,LUNCH BAG RED RETROSPOT
C10503,519499,149,3.83,2010-12-06 08:19,CHILDRENS CUTLERY CIRCUS PARADE
C10020,538906,10,3.5,2011-05-02 14:54,KNITTED UNION FLAG HOT WATER BOTTLE
C10493,545133,139,2.59,2011-06-05 14:10,GLASS STAR FROSTED T-LIGHT HOLDER
C10502,578470,186,6.36,2011-07-27 08:11,PACK OF 20 SPACEBOY NAPKINS
C10367,532427,49,4.05,2011-10-03 12:44,STRAWBERRY CERAMIC TRINKET BOX
C10495,583737,165,4.46,2011-04-10 10:57,ZINC T-LIGHT HOLDER STARS SMALL
C10460,547850,172,1.66,2011-04-20 16:52,SET OF 4 PANTRY JELLY MOULDS
C10294,580432,16,4.4,2011-02-15 15:31,MINI PAINT SET VINTAGE
C10420,514304,40,3.23,2011-12-01 15:43,KNITTED UNION FLAG HOT WATER BOTTLE
C10412,531499,66,4.23,2011-05-21 13:41,LUNCH BAG RED RETROSPOT
C10506,586395,52,3.12,2011-03-25 10:04,CREAM CUPID HEARTS COAT HANGER
C10200,545645,15,1.37,2011-11-05 10:15,ASSORTED COLOUR BIRD ORNAMENT
C10190,550620,9,1.31,2011-06-24 09:40,LUNCH BAG RED RETROSPOT
C10492,517926,118,3.04,2011-09-20 11:55,LUNCH BAG BLACK SKULL
C10035,589905,11,3.05,2011-07-15 12:55,LUNCH BAG BLACK SKULL
C10284,524832,40,4.25,2011-11-05 10:30,SET 7 BABUSHKA NESTING BOXES
C10013,538010,9,2.61,2011-03-18 14:50,WOODEN PICTURE FRAME WHITE FINISH
C10201,537215,22,1.44,2011-02-18 09:10,SET 7 BABUSHKA NESTING BOXES
C10430,532079,74,3.5,2011-05-29 09:14,STRAWBERRY CERAMIC TRINKET BOX
C10506,551114,184,5.38,2011-06-29 11:02,CHILDRENS CUTLERY CIRCUS PARADE
C10528,593309,80,5.24,2011-08-01 08:59,STRAWBERRY CERAMIC TRINKET BOX
C10486,525520,121,4.89,2011-06-29 08:20,CHILDRENS CUTLERY CIRCUS PARADE
C10527,586050,171,3.65,2011-01-31 16:59,VICTORIAN GLASS HANGING T-LIGHT
C10441,597211,173,2.69,2011-04-26 10:24,RED HARMONIA NOTEBOOK
C10374,547568,20,3.23,2011-12-09 17:41,STRAWBERRY CERAMIC TRINKET BOX
C10456,512146,181,2.29,2011-07-25 11:29,GLASS STAR FROSTED T-LIGHT HOLDER
C10238,591501,32,5.05,2010-12-24 08:54,POPCORN HOLDER
C10425,529435,34,2.47,2011-03-04 17:21,RECYCLED ACRYLIC DROP EARRINGS
C10496,559209,67,5.78,2011-02-02 16:36,HAND WARMER UNION JACK
C10499,592728,97,5.95,2011-02-17 15:59,SET 7 BABUSHKA NESTING BOXES
C10459,515167,277,5.29,2011-11-07 13:13,STRAWBERRY CERAMIC TRINKET BOX
C10293,572391,36,4.2,2011-04-20 10:48,JUMBO BAG RED RETROSPOT
C10410,525429,50,4.09,2011-07-03 09:03,SAVE THE PLANET MUG
C10477,532658,135,4.67,2011-03-15 14:35,HAND WARMER RED POLKA DOT
C10470,582443,279,4.04,2010-12-25 16:23,CHILDRENS CUTLERY CIRCUS PARADE
C10404,577980,23,4.5,2011-05-12 14:25,MINI PAINT SET VINTAGE
C10357,528982,54,3.3,2011-09-07 14:21,SET 7 BABUSHKA NESTING BOXES
C10328,573539,19,3.4,2011-07-21 09:09,KNITTED UNION FLAG HOT WATER BOTTLE
C10496,546190,94,7.32,2011-03-19 16:23,RED WOOLLY HOTTIE WHITE HEART
C10285,544136,56,4.59,2011-09-23 12:39,CHILDRENS APRON DOLLY GIRL
C10509,555114,82,3.2,2011-01-19 16:16,LUNCH BAG BLACK SKULL
C10404,553450,35,5.61,2011-07-15 14:25,BAKING SET 9 PIECE RETROSPOT
C10301,551649,35,2.08,2010-12-12 09:34,RED HARMONIA NOTEBOOK
C10383,560538,43,5.64,2011-05-14 15:14,WHITE METAL LANTERN
C10498,530632,199,3.67,2011-06-08 08:34,WHITE METAL LANTERN
C10483,561393,198,4.34,2011-09-26 15:57,LUNCH BAG RED RETROSPOT
C10494,547252,91,3.4,2010-12-05 14:18,WHITE HANGING HEART T-LIGHT HOLDER
C10291,554265,12,2.69,2011-03-09 08:46,RECYCLED ACRYLIC DROP EARRINGS
C10260,539770,32,3.3,2011-05-16 15:29,JAM MAKING SET WITH JARS
C10499,589087,98,7.86,2011-05-04 11:36,LUNCH BAG RED RETROSPOT
C10418,536186,75,5.73,2011-06-28 08:20,LUNCH BAG RED RETROSPOT
C10285,548616,36,2.75,2010-12-28 13:34,LUNCH BAG BLACK SKULL
C10362,580035,15,4.76,2011-12-07 13:45,PACK OF 20 SPACEBOY NAPKINS
C10504,523315,189,5.28,2011-04-12 15:10,VICTORIAN GLASS HANGING T-LIGHT
C10431,513719,52,5.65,2011-11-06 12:06,LUNCH BAG PINK POLKADOT
C10100,557619,12,3.09,2011-07-16 13:28,ZINC T-LIGHT HOLDER STARS SMALL
C10301,568224,23,4.34,2011-06-01 09:20,RED HARMONIA NOTEBOOK
C10507,533240,112,7.65,2011-02-21 16:21,LUNCH BAG RED RETROSPOT
C10080,569233,3,2.28,2010-12-29 13:32,LUNCH BAG BLACK SKULL
C10328,577264,39,1.8,2011-11-30 14:53,RECYCLED ACRYLIC DROP EARRINGS
C10518,575061,111,3.14,2011-07-31 15:53,CHILDRENS CUTLERY CIRCUS PARADE
C10433,538701,18,3.8,2011-05-24 16:22,SET OF 4 PANTRY JELLY MOULDS
C10479,562782,109,1.73,2011-09-18 15:22,WHITE METAL LANTERN
C10393,566324,63,4.68,2011-07-02 17:47,JUMBO BAG RED RETROSPOT
C10513,583140,169,2.67,2011-06-26 12:48,LUNCH BAG RED RETROSPOT
C10352,549612,37,2.32,2011-08-08 13:44,KNITTED UNION FLAG HOT WATER BOTTLE
C10175,521401,13,1.43,2011-12-04 15:34,RECYCLED ACRYLIC DROP EARRINGS
C10287,593548,16,5.15,2011-10-25 12:48,CHILDRENS CUTLERY CIRCUS PARADE
C10325,536920,20,3.93,2011-02-16 16:38,GLASS STAR FROSTED T-LIGHT HOLDER
C10476,555654,214,3.62,2011-04-30 15:06,CHILDRENS CUTLERY CIRCUS PARADE
C10294,598716,36,2.09,2011-09-03 16:14,POPCORN HOLDER
C10448,558249,259,1.59,2011-01-15 11:28,CHILDRENS CUTLERY CIRCUS PARADE
C10239,530568,10,3.98,2011-11-08 13:33,HAND WARMER UNION JACK
C10518,513841,97,3.98,2011-04-09 17:47,CHILDRENS CUTLERY CIRCUS PARADE
C10095,586271,12,3.07,2010-12-09 13:50,SAVE THE PLANET MUG
C10261,534613,54,3.9,2011-04-02 16:48,WOODEN PICTURE FRAME WHITE FINISH
C10087,541133,8,2.41,2011-02-23 15:02,RED WOOLLY HOTTIE WHITE HEART
C10477,594560,116,4.98,2011-08-04 08:33,CREAM CUPID HEARTS COAT HANGER
C10212,578982,9,2.13,2011-02-14 17:45,CHILDRENS CUTLERY CIRCUS PARADE
C10257,522972,46,1.45,2011-04-23 15:11,WHITE METAL LANTERN
C10088,589254,4,3.54,2011-11-13 17:28,HAND WARMER RED POLKA DOT
C10237,524474,52,1.63,2011-04-14 16:12,BAKING SET 9 PIECE RETROSPOT
C10498,576255,95,5.1,2011-11-27 13:54,WHITE METAL LANTERN
C10526,559175,63,4.88,2011-04-30 16:23,RED WOOLLY HOTTIE WHITE HEART
C10510,596624,154,4.46,2011-05-17 15:23,SET OF 4 PANTRY JELLY MOULDS
C10492,590055,278,3.64,2011-06-30 17:35,LUNCH BAG BLACK SKULL
C10103,527790,9,2.0,2011-04-13 15:13,HAND WARMER UNION JACK
C10062,538305,10,2.02,2011-05-20 11:08,WHITE METAL LANTERN
C10445,559998,115,4.6,2011-07-07 12:52,MINI PAINT SET VINTAGE
C10470,566344,279,1.85,2011-09-25 10:25,CHILDRENS CUTLERY CIRCUS PARADE
C10425,567624,18,2.25,2011-11-20 14:56,STRAWBERRY CERAMIC TRINKET BOX
C10394,545066,46,3.94,2011-05-29 17:41,CHILDRENS APRON DOLLY GIRL
C10503,530095,101,3.3,2011-11-27 17:25,BAKING SET 9 PIECE RETROSPOT
C10369,550289,71,5.2,2011-10-27 14:06,SET 7 BABUSHKA NESTING BOXES
C10054,598835,5,3.05,2011-04-26 11:38,PACK OF 20 SPACEBOY NAPKINS
C10503,558052,89,3.87,2011-09-26 10:54,LUNCH BAG PINK POLKADOT
C10318,513402,16,5.02,2011-11-02 15:03,CHILDRENS APRON DOLLY GIRL
C10098,534486,8,2.35,2011-06-07 14:56,WHITE METAL LANTERN
C10480,518063,122,3.8,2011-06-13 09:51,MINI PAINT SET VINTAGE
C10516,556990,169,3.86,2011-10-27 13:44,JAM MAKING SET WITH JARS
C10357,549855,13,4.86,2011-06-19 12:52,RED HARMONIA NOTEBOOK
C10312,538063,19,1.7,2011-08-14 09:33,SAVE THE PLANET MUG
C10296,563131,59,1.84,2011-09-12 08:44,VICTORIAN GLASS HANGING T-LIGHT
C10237,521807,52,3.35,2011-10-13 09:18,BAKING SET 9 PIECE RETROSPOT
C10250,589195,60,3.3,2011-06-11 14:23,KNITTED UNION FLAG HOT WATER BOTTLE
C10260,574478,40,3.52,2011-10-02 15:40,MINI PAINT SET VINTAGE
C10448,546885,240,4.41,2011-02-10 10:06,ASSORTED COLOUR BIRD ORNAMENT
C10498,563860,56,6.65,2011-12-08 17:49,JUMBO BAG RED RETROSPOT
C10251,571789,23,3.16,2011-03-03 16:25,GLASS STAR FROSTED T-LIGHT HOLDER
C10484,544364,157,3.36,2011-11-03 14:11,ASSORTED COLOUR BIRD ORNAMENT
C10367,576752,36,3.55,2011-02-05 12:02,POPCORN HOLDER
C10522,521404,96,5.75,2011-03-10 15:56,VICTORIAN GLASS HANGING T-LIGHT
C10138,515798,2,2.11,2011-01-21 17:02,ASSORTED COLOUR BIRD ORNAMENT
C10430,567445,75,2.66,2011-03-10 11:53,GLASS STAR FROSTED T-LIGHT HOLDER
C10219,522571,14,1.34,2011-03-08 14:44,RED WOOLLY HOTTIE WHITE HEART
C10259,537600,54,4.44,2010-12-12 10:46,HAND WARMER RED POLKA DOT
C10498,554786,128,5.55,2011-01-02 14:13,PACK OF 20 SPACEBOY NAPKINS
C10488,588492,211,4.55,2011-01-05 14:28,RED HARMONIA NOTEBOOK
C10469,528690,275,3.64,2011-03-15 13:24,LUNCH BAG RED RETROSPOT
C10319,562742,23,1.94,2011-10-18 12:38,PACK OF 20 SPACEBOY NAPKINS
C10322,570742,22,1.62,2011-10-06 12:55,RECYCLED ACRYLIC DROP EARRINGS
C10478,553399,97,1.94,2011-10-27 15:11,WOODEN PICTURE FRAME WHITE FINISH
C10339,574092,42,5.37,2011-04-05 08:48,RED WOOLLY HOTTIE WHITE HEART
C10389,510004,40,2.15,2010-12-04 15:39,STRAWBERRY CERAMIC TRINKET BOX
C10369,545082,46,5.0,2010-12-07 08:08,SET OF 4 PANTRY JELLY MOULDS
C10242,578515,37,4.69,2011-09-04 13:45,CREAM CUPID HEARTS COAT HANGER
C10118,564596,12,1.77,2010-12-09 13:21,VICTORIAN GLASS HANGING T-LIGHT
C10096,569988,4,1.66,2011-08-03 10:51,PACK OF 20 SPACEBOY NAPKINS
C10272,581071,48,2.65,2010-12-16 16:17,STRAWBERRY CERAMIC TRINKET BOX
C10153,549226,17,2.38,2011-05-11 08:13,RED WOOLLY HOTTIE WHITE HEART
C10446,592926,112,5.35,2011-03-21 14:31,RED WOOLLY HOTTIE WHITE HEART
C10477,519121,153,2.14,2011-03-04 09:18,HAND WARMER RED POLKA DOT
C10482,544887,204,3.29,2011-11-01 12:37,CHILDRENS CUTLERY CIRCUS PARADE
C10252,585513,32,3.75,2011-02-15 17:06,ASSORTED COLOUR BIRD ORNAMENT
C10518,572238,53,3.76,2011-07-15 14:54,CHILDRENS CUTLERY CIRCUS PARADE
C10366,572154,58,2.96,2011-10-06 13:15,HAND WARMER RED POLKA DOT
C10520,583744,148,2.8,2011-09-30 13:48,RED HARMONIA NOTEBOOK
C10475,589683,136,2.71,2011-06-18 14:46,JUMBO BAG RED RETROSPOT
C10450,591928,90,2.71,2011-03-29 08:18,LUNCH BAG PINK POLKADOT
C10460,545396,141,1.53,2011-06-21 12:00,LUNCH BAG RED RETROSPOT
C10377,526350,54,3.83,2011-02-24 17:24,CHILDRENS CUTLERY CIRCUS PARADE
C10277,537175,50,4.64,2011-12-09 16:05,VICTORIAN GLASS HANGING T-LIGHT
C10441,570284,156,1.86,2010-12-02 17:03,RED HARMONIA NOTEBOOK
C10272,593472,29,3.13,2011-11-13 17:55,STRAWBERRY CERAMIC TRINKET BOX
C10424,594179,17,2.26,2010-12-12 10:49,PACK OF 12 LONDON TISSUES
C10240,591232,31,3.63,2011-05-11 09:31,MINI PAINT SET VINTAGE
C10068,556346,12,1.81,2011-01-19 13:51,PACK OF 20 SPACEBOY NAPKINS
C10234,533176,41,2.66,2011-02-16 10:12,JUMBO BAG RED RETROSPOT
C10236,596725,10,2.53,2011-10-24 12:49,SET 7 BABUSHKA NESTING BOXES
C10479,571616,81,3.7,2011-03-07 10:02,WHITE METAL LANTERN
C10305,585989,57,5.25,2011-02-03 11:08,ZINC T-LIGHT HOLDER STARS SMALL
C10254,577861,35,3.74,2011-03-10 08:50,STRAWBERRY CERAMIC TRINKET BOX
C10001,591183,11,2.99,2011-03-06 09:38,CHILDRENS APRON DOLLY GIRL
C10335,565550,57,2.21,2011-08-25 12:12,CHILDRENS CUTLERY CIRCUS PARADE
C10232,593964,31,5.45,2011-10-08 12:45,WHITE HANGING HEART T-LIGHT HOLDER
C10527,510731,170,5.51,2011-08-18 16:27,WHITE HANGING HEART T-LIGHT HOLDER
C10420,576508,27,5.79,2011-12-02 10:36,WHITE HANGING HEART T-LIGHT HOLDER
C10324,575991,21,4.77,2011-11-02 15:08,GLASS STAR FROSTED T-LIGHT HOLDER
C10465,544883,259,4.7,2010-12-24 10:12,ZINC T-LIGHT HOLDER STARS SMALL
C10145,583731,7,2.53,2011-05-13 11:23,POPCORN HOLDER
C10443,516817,161,5.1,2011-02-08 17:19,VICTORIAN GLASS HANGING T-LIGHT
C10526,546507,73,4.84,2011-02-09 14:35,JUMBO BAG RED RETROSPOT
C10437,517683,66,1.83,2011-06-18 15:07,PACK OF 20 SPACEBOY NAPKINS
C10442,591688,295,1.53,2011-01-19 09:05,WHITE HANGING HEART T-LIGHT HOLDER
C10241,573298,37,4.81,2010-12-25 16:59,CHILDRENS APRON DOLLY GIRL
C10365,542370,59,4.75,2011-03-03 11:54,HAND WARMER UNION JACK
C10461,587710,223,4.51,2010-12-04 13:55,CREAM CUPID HEARTS COAT HANGER
C10251,593574,48,5.37,2010-12-23 10:36,LUNCH BAG PINK POLKADOT
C10519,557798,197,7.6,2011-05-22 16:10,BAKING SET 9 PIECE RETROSPOT
C10246,543018,13,2.01,2011-08-21 09:06,CREAM CUPID HEARTS COAT HANGER
C10389,542401,30,3.91,2011-01-01 09:47,STRAWBERRY CERAMIC TRINKET BOX
C10521,533077,102,3.58,2011-08-16 15:38,RECYCLED ACRYLIC DROP EARRINGS
C10530,573501,109,2.69,2011-01-04 12:19,HAND WARMER RED POLKA DOT
C10214,584381,23,1.5,2011-04-30 10:11,SAVE THE PLANET MUG
C10375,571405,26,3.17,2011-01-12 14:32,KNITTED UNION FLAG HOT WATER BOTTLE
C10376,588266,16,4.09,2011-07-03 16:13,SET 7 BABUSHKA NESTING BOXES
C10066,569469,11,2.83,2011-10-16 17:35,HAND WARMER UNION JACK
C10267,584922,42,3.61,2011-09-08 12:23,RECYCLED ACRYLIC DROP EARRINGS
C10517,576766,165,8.42,2011-10-05 10:14,LUNCH BAG RED RETROSPOT
C10479,568522,238,4.32,2011-11-16 11:44,WHITE METAL LANTERN
C10465,587892,195,1.92,2011-02-20 15:24,WOODEN PICTURE FRAME WHITE FINISH
C10184,558177,8,1.02,2011-06-15 09:46,JAM MAKING SET WITH JARS
C10527,510796,168,3.04,2011-03-04 14:26,WHITE HANGING HEART T-LIGHT HOLDER
C10261,547957,14,2.03,2011-01-10 14:40,SET 7 BABUSHKA NESTING BOXES
C10483,558994,192,5.38,2011-02-14 09:05,HAND WARMER UNION JACK
C10505,591777,164,5.48,2011-04-10 11:14,VICTORIAN GLASS HANGING T-LIGHT
C10444,520637,115,2.1,2010-12-07 13:55,ASSORTED COLOUR BIRD ORNAMENT
C10467,532396,238,4.13,2011-02-01 14:16,RED HARMONIA NOTEBOOK
C10439,582712,40,5.78,2011-10-31 12:26,PACK OF 12 LONDON TISSUES
C10424,519902,57,4.41,2011-07-28 11:29,HAND WARMER UNION JACK
C10222,580968,7,1.95,2011-07-27 12:14,LUNCH BAG BLACK SKULL
C10447,529348,174,3.23,2010-12-06 12:16,WOODEN PICTURE FRAME WHITE FINISH
C10047,587356,2,1.82,2011-07-31 14:24,CREAM CUPID HEARTS COAT HANGER
C10456,582300,170,4.74,2011-10-07 17:45,HAND WARMER UNION JACK
C10522,530709,107,3.26,2011-03-05 14:53,RECYCLED ACRYLIC DROP EARRINGS
C10497,584390,98,6.8,2011-02-06 09:43,PACK OF 12 LONDON TISSUES
C10396,582955,60,3.74,2011-12-05 12:54,WHITE HANGING HEART T-LIGHT HOLDER
C10243,542943,45,1.48,2011-07-20 09:39,PACK OF 20 SPACEBOY NAPKINS
C10414,549708,69,5.01,2011-02-22 14:43,HAND WARMER RED POLKA DOT
C10481,579689,191,2.02,2011-08-03 09:08,PACK OF 12 LONDON TISSUES
C10276,578766,31,3.49,2011-11-03 15:29,WOODEN PICTURE FRAME WHITE FINISH
C10457,581817,146,3.7,2011-08-03 09:22,CHILDRENS CUTLERY CIRCUS PARADE
C10522,567746,107,7.62,2010-12-06 08:18,VICTORIAN GLASS HANGING T-LIGHT
C10310,562694,29,5.48,2011-08-08 09:44,VICTORIAN GLASS HANGING T-LIGHT
C10188,519307,20,1.9,2010-12-28 11:31,HAND WARMER RED POLKA DOT
C10354,552229,50,5.32,2011-06-23 14:39,POPCORN HOLDER
C10519,524746,104,6.72,2011-08-04 15:49,ASSORTED COLOUR BIRD ORNAMENT
C10383,536986,46,4.52,2011-01-31 10:20,CREAM CUPID HEARTS COAT HANGER
C10337,523742,36,2.65,2011-12-07 17:28,WHITE HANGING HEART T-LIGHT HOLDER
C10524,538404,93,4.67,2011-10-15 09:37,LUNCH BAG PINK POLKADOT
C10264,596283,30,4.31,2011-07-28 12:55,LUNCH BAG PINK POLKADOT
C10353,563581,26,5.43,2011-02-07 11:31,SET 7 BABUSHKA NESTING BOXES
C10347,536212,33,5.11,2011-07-15 08:53,BAKING SET 9 PIECE RETROSPOT
C10417,546553,68,5.57,2011-02-24 17:22,SAVE THE PLANET MUG
C10489,533904,293,4.44,2011-06-13 09:02,ZINC T-LIGHT HOLDER STARS SMALL
C10529,516618,94,3.31,2011-06-23 12:53,WOODEN PICTURE FRAME WHITE FINISH
C10419,584479,72,4.69,2011-12-02 16:07,LUNCH BAG BLACK SKULL
C10454,538893,190,2.27,2011-01-05 12:06,SET OF 4 PANTRY JELLY MOULDS
C10271,556580,32,4.16,2011-11-03 13:55,HAND WARMER RED POLKA DOT
C10381,584379,57,2.58,2011-07-08 11:36,PACK OF 12 LONDON TISSUES
C10389,576296,28,3.71,2011-01-19 12:36,CREAM CUPID HEARTS COAT HANGER
C10338,542239,31,4.85,2011-03-23 08:40,LUNCH BAG PINK POLKADOT
C10334,574724,55,2.19,2011-03-24 08:48,PACK OF 20 SPACEBOY NAPKINS
C10069,573201,5,1.89,2011-01-23 17:32,HAND WARMER RED POLKA DOT
C10224,599538,6,1.55,2011-03-19 11:08,RECYCLED ACRYLIC DROP EARRINGS
C10521,595360,168,7.48,2011-08-25 14:37,RED HARMONIA NOTEBOOK
C10132,536497,10,3.76,2011-06-04 09:58,MINI PAINT SET VINTAGE
C10449,538220,104,1.48,2011-03-21 10:55,STRAWBERRY CERAMIC TRINKET BOX
C10488,568920,246,2.21,2011-07-31 16:18,PACK OF 20 SPACEBOY NAPKINS
C10443,535284,264,2.36,2011-11-12 14:58,PACK OF 20 SPACEBOY NAPKINS
C10279,524710,43,2.53,2011-08-31 10:36,PACK OF 20 SPACEBOY NAPKINS
C10457,511587,90,1.44,2011-01-04 10:59,CHILDRENS CUTLERY CIRCUS PARADE
C10113,541552,10,2.64,2011-07-28 15:56,SET 7 BABUSHKA NESTING BOXES
C10054,592242,12,1.74,2011-05-30 11:40,PACK OF 20 SPACEBOY NAPKINS
C10397,520155,45,3.17,2011-07-14 17:20,SET OF 4 PANTRY JELLY MOULDS
C10277,575239,43,4.35,2011-08-27 17:39,VICTORIAN GLASS HANGING T-LIGHT
C10481,569370,210,1.43,2011-04-07 08:07,HAND WARMER UNION JACK
C10411,537619,49,2.04,2011-04-22 10:36,SAVE THE PLANET MUG
C10144,579946,6,2.45,2011-04-02 16:20,ZINC T-LIGHT HOLDER STARS SMALL
C10468,526144,159,3.82,2011-09-30 09:40,LUNCH BAG BLACK SKULL
C10414,572068,72,3.83,2011-06-17 15:02,PACK OF 20 SPACEBOY NAPKINS
C10295,584536,31,1.79,2011-03-23 09:30,GLASS STAR FROSTED T-LIGHT HOLDER
C10459,584261,160,5.32,2011-01-30 10:06,SAVE THE PLANET MUG
C10420,550541,23,3.14,2011-06-15 12:40,GLASS STAR FROSTED T-LIGHT HOLDER
C10282,570674,17,3.77,2011-05-29 15:29,WHITE HANGING HEART T-LIGHT HOLDER
C10407,522300,39,2.52,2011-07-11 12:46,MINI PAINT SET VINTAGE
C10255,511274,32,3.45,2011-08-20 12:56,WHITE HANGING HEART T-LIGHT HOLDER
C10302,527947,46,4.46,2010-12-04 14:40,SET 7 BABUSHKA NESTING BOXES
C10065,568138,3,2.73,2010-12-16 08:30,LUNCH BAG BLACK SKULL
C10459,579302,215,2.91,2011-10-26 16:46,LUNCH BAG RED RETROSPOT
C10409,578944,40,3.57,2011-01-31 16:57,PACK OF 20 SPACEBOY NAPKINS
C10388,551059,32,3.94,2011-04-13 12:38,KNITTED UNION FLAG HOT WATER BOTTLE
C10238,569839,17,2.95,2011-01-29 09:54,POPCORN HOLDER
C10217,514379,19,0.97,2011-08-03 17:41,PACK OF 20 SPACEBOY NAPKINS
C10169,580371,7,1.8,2011-03-20 11:17,VICTORIAN GLASS HANGING T-LIGHT
C10453,570645,221,2.61,2011-10-03 16:18,PACK OF 20 SPACEBOY NAPKINS
C10514,559260,171,7.8,2011-07-27 15:38,PACK OF 20 SPACEBOY NAPKINS
C10527,541117,72,6.55,2011-04-14 16:27,SET 7 BABUSHKA NESTING BOXES
C10510,539130,180,5.71,2010-12-27 16:54,SET OF 4 PANTRY JELLY MOULDS
C10124,540518,10,2.06,2011-04-04 08:42,POPCORN HOLDER
C10476,525992,237,3.5,2011-02-27 13:39,ZINC T-LIGHT HOLDER STARS SMALL
C10397,520151,71,2.14,2011-08-11 10:14,VICTORIAN GLASS HANGING T-LIGHT
C10247,590856,20,2.03,2011-11-04 08:30,BAKING SET 9 PIECE RETROSPOT
C10255,562288,25,2.47,2011-09-02 17:16,HAND WARMER UNION JACK
C10471,510128,202,4.45,2011-11-21 17:39,LUNCH BAG RED RETROSPOT
C10154,519963,18,1.23,2011-02-10 09:32,SAVE THE PLANET MUG
C10483,516137,86,2.35,2011-06-08 17:36,ZINC T-LIGHT HOLDER STARS SMALL
C10462,586048,127,4.71,2011-12-09 10:10,WOODEN PICTURE FRAME WHITE FINISH
C10347,564484,56,1.96,2011-11-19 12:28,BAKING SET 9 PIECE RETROSPOT
C10300,585199,28,5.37,2011-02-14 13:28,ZINC T-LIGHT HOLDER STARS SMALL
C10468,513482,127,2.14,2011-02-02 16:03,MINI PAINT SET VINTAGE
C10511,515598,178,6.8,2011-11-05 09:52,VICTORIAN GLASS HANGING T-LIGHT
C10501,583798,119,8.46,2011-09-16 16:30,SAVE THE PLANET MUG
C10484,551665,237,1.66,2011-11-11 16:35,WOODEN PICTURE FRAME WHITE FINISH
C10373,576005,57,3.42,2011-06-13 10:03,RED WOOLLY HOTTIE WHITE HEART
C10436,538622,78,2.44,2011-06-24 11:14,ZINC T-LIGHT HOLDER STARS SMALL
C10405,563258,26,2.62,2010-12-08 16:38,MINI PAINT SET VINTAGE
C10297,517184,31,4.38,2010-12-17 12:27,CHILDRENS APRON DOLLY GIRL
C10406,573307,45,3.05,2011-05-14 17:38,SAVE THE PLANET MUG
C10412,532553,33,2.52,2011-10-12 15:37,WHITE HANGING HEART T-LIGHT HOLDER
C10520,575541,102,2.87,2011-04-06 16:21,GLASS STAR FROSTED T-LIGHT HOLDER
C10149,547576,6,2.84,2010-12-09 16:46,WHITE HANGING HEART T-LIGHT HOLDER
C10461,565789,142,2.58,2011-02-24 11:39,CREAM CUPID HEARTS COAT HANGER
C10507,563706,169,6.14,2011-11-19 16:06,PACK OF 20 SPACEBOY NAPKINS
C10463,524394,244,5.22,2011-12-06 09:55,CHILDRENS CUTLERY CIRCUS PARADE
C10245,568414,17,4.09,2011-03-20 13:21,MINI PAINT SET VINTAGE
C10241,533226,59,5.16,2011-03-08 13:06,CHILDRENS APRON DOLLY GIRL
C10245,560577,60,5.27,2011-09-05 16:25,ASSORTED COLOUR BIRD ORNAMENT
C10066,524996,3,3.48,2011-11-30 13:24,HAND WARMER UNION JACK
C10268,561495,13,4.11,2011-09-25 11:14,KNITTED UNION FLAG HOT WATER BOTTLE
C10473,532405,116,1.61,2011-06-21 12:32,HAND WARMER UNION JACK
C10308,573891,29,4.29,2011-10-18 10:01,POPCORN HOLDER
C10390,583812,60,4.5,2011-09-24 12:02,WHITE METAL LANTERN
C10351,561727,35,5.18,2011-04-25 14:35,HAND WARMER UNION JACK
C10507,569621,153,3.56,2011-05-14 08:20,PACK OF 20 SPACEBOY NAPKINS
C10004,549240,12,3.54,2011-09-05 12:39,LUNCH BAG BLACK SKULL
C10160,536326,14,1.38,2011-10-14 14:51,HAND WARMER RED POLKA DOT
C10412,549344,76,4.6,2010-12-12 15:51,CHILDRENS APRON DOLLY GIRL
C10401,513378,39,1.68,2011-05-27 12:10,JUMBO BAG RED RETROSPOT
C10402,583160,55,2.48,2010-12-20 14:06,SAVE THE PLANET MUG
C10471,525753,166,5.42,2011-09-08 10:25,LUNCH BAG BLACK SKULL
C10502,550023,115,7.21,2011-03-31 09:54,PACK OF 20 SPACEBOY NAPKINS
C10422,564645,75,4.49,2011-08-11 10:11,MINI PAINT SET VINTAGE
C10530,553715,61,3.38,2011-10-12 09:50,RED WOOLLY HOTTIE WHITE HEART
C10382,569582,21,3.36,2011-02-26 17:20,WHITE METAL LANTERN
C10402,586853,16,2.72,2011-02-19 16:21,WHITE METAL LANTERN
C10277,540503,21,5.01,2011-10-08 13:16,POPCORN HOLDER
C10234,533639,39,1.86,2011-01-06 15:56,LUNCH BAG BLACK SKULL
C10276,552312,15,4.52,2011-06-28 15:05,WHITE HANGING HEART T-LIGHT HOLDER
C10489,522800,293,4.12,2011-05-01 11:23,ZINC T-LIGHT HOLDER STARS SMALL
C10061,594109,3,3.16,2011-10-27 13:03,PACK OF 12 LONDON TISSUES
C10508,580729,106,2.5,2011-10-22 08:48,ZINC T-LIGHT HOLDER STARS SMALL
C10447,552799,84,1.78,2011-05-13 15:20,JAM MAKING SET WITH JARS
C10463,572027,189,4.52,2011-06-07 13:26,ASSORTED COLOUR BIRD ORNAMENT
C10059,580804,12,3.87,2011-05-05 15:07,JUMBO BAG RED RETROSPOT
C10511,558977,199,3.75,2011-07-14 17:29,LUNCH BAG PINK POLKADOT
C10510,513800,200,5.95,2011-11-14 13:08,WOODEN PICTURE FRAME WHITE FINISH
C10336,566112,39,2.88,2011-05-24 08:52,LUNCH BAG PINK POLKADOT
C10396,596609,30,2.98,2011-08-31 15:27,CREAM CUPID HEARTS COAT HANGER
C10239,519812,41,4.95,2011-11-26 16:49,HAND WARMER UNION JACK
C10241,589450,34,4.04,2011-07-01 08:59,POPCORN HOLDER
C10530,527263,144,4.91,2011-02-27 08:33,SET OF 4 PANTRY JELLY MOULDS
C10491,558908,218,5.18,2011-08-16 10:00,JAM MAKING SET WITH JARS
C10418,533183,71,5.96,2011-10-09 17:32,SAVE THE PLANET MUG
C10456,589219,295,2.52,2011-04-07 10:40,VICTORIAN GLASS HANGING T-LIGHT
C10285,532161,50,3.26,2011-10-19 09:43,CHILDRENS APRON DOLLY GIRL
C10489,582133,187,4.58,2011-01-01 11:57,ZINC T-LIGHT HOLDER STARS SMALL
C10120,577984,2,3.26,2011-07-14 13:26,WHITE HANGING HEART T-LIGHT HOLDER
C10387,547782,35,2.97,2010-12-05 15:59,SET 7 BABUSHKA NESTING BOXES
C10431,513360,70,4.56,2011-10-07 17:24,WHITE HANGING HEART T-LIGHT HOLDER
C10328,567682,41,3.95,2011-06-29 09:05,KNITTED UNION FLAG HOT WATER BOTTLE
C10448,560910,222,2.84,2011-02-18 16:52,CHILDRENS CUTLERY CIRCUS PARADE
C10463,564185,214,2.48,2011-03-22 12:07,JAM MAKING SET WITH JARS
C10479,598268,109,3.82,2011-09-10 15:38,WHITE METAL LANTERN
C10335,522678,14,3.91,2011-11-13 08:44,CHILDRENS CUTLERY CIRCUS PARADE
C10148,558916,5,2.76,2011-02-09 11:04,LUNCH BAG RED RETROSPOT
C10396,542759,50,2.02,2011-06-14 15:47,CREAM CUPID HEARTS COAT HANGER
C10193,575484,21,1.44,2011-07-08 12:33,CREAM CUPID HEARTS COAT HANGER
C10467,563895,200,2.85,2011-10-05 17:35,WHITE METAL LANTERN
C10482,574595,280,3.83,2011-03-31 16:49,GLASS STAR FROSTED T-LIGHT HOLDER
C10466,556312,264,1.89,2011-03-02 08:27,MINI PAINT SET VINTAGE
C10484,539878,216,4.21,2011-01-22 14:09,LUNCH BAG PINK POLKADOT
C10472,555160,113,3.78,2010-12-14 08:04,CHILDRENS APRON DOLLY GIRL
C10470,524202,124,5.03,2011-09-16 17:45,CHILDRENS APRON DOLLY GIRL
C10007,523473,12,2.12,2010-12-21 13:13,JUMBO BAG RED RETROSPOT
C10415,514798,29,3.2,2010-12-25 15:18,CREAM CUPID HEARTS COAT HANGER
C10475,539052,183,5.27,2011-05-25 13:17,KNITTED UNION FLAG HOT WATER BOTTLE
C10407,537606,47,3.7,2010-12-05 12:07,WHITE METAL LANTERN
C10233,599957,56,4.28,2010-12-19 17:45,GLASS STAR FROSTED T-LIGHT HOLDER
C10494,592163,98,3.56,2010-12-17 15:18,POPCORN HOLDER
C10495,553388,282,2.19,2010-12-02 14:31,VICTORIAN GLASS HANGING T-LIGHT
C10169,569972,16,1.39,2011-06-18 08:45,VICTORIAN GLASS HANGING T-LIGHT
C10508,514115,93,3.21,2011-09-16 10:21,ZINC T-LIGHT HOLDER STARS SMALL
C10489,563564,129,2.59,2011-01-13 17:32,MINI PAINT SET VINTAGE
C10367,548844,53,5.36,2011-09-16 08:50,ASSORTED COLOUR BIRD ORNAMENT
C10238,554921,56,1.65,2010-12-26 09:52,SAVE THE PLANET MUG
C10270,528526,49,4.35,2011-11-01 08:49,CHILDRENS APRON DOLLY GIRL
C10388,566055,60,3.69,2011-05-02 17:59,LUNCH BAG PINK POLKADOT
C10317,546831,18,3.37,2011-06-08 10:57,WHITE METAL LANTERN
C10427,584873,27,3.73,2011-04-15 17:20,RED WOOLLY HOTTIE WHITE HEART
C10482,536039,137,4.0,2011-04-09 08:01,VICTORIAN GLASS HANGING T-LIGHT
C10338,535480,19,2.48,2010-12-06 09:22,LUNCH BAG PINK POLKADOT
C10521,527070,103,7.66,2011-07-19 10:35,RED HARMONIA NOTEBOOK
C10492,557178,155,2.16,2011-08-16 17:50,LUNCH BAG BLACK SKULL
C10426,569893,47,3.86,2010-12-26 15:28,WHITE HANGING HEART T-LIGHT HOLDER
C10524,580973,185,3.65,2011-06-24 10:27,POPCORN HOLDER
C10495,516085,159,1.96,2011-07-23 14:48,CHILDRENS APRON DOLLY GIRL
C10410,538511,36,5.08,2011-11-29 10:57,SAVE THE PLANET MUG
C10312,565426,57,4.41,2011-06-05 09:25,JUMBO BAG RED RETROSPOT
C10317,551060,19,2.36,2011-05-04 14:42,HAND WARMER UNION JACK
C10528,596477,87,5.6,2010-12-16 08:29,CHILDRENS APRON DOLLY GIRL
C10142,534966,7,1.73,2011-01-10 15:54,GLASS STAR FROSTED T-LIGHT HOLDER
C10380,522054,50,3.74,2011-05-27 15:39,STRAWBERRY CERAMIC TRINKET BOX
C10515,567302,195,3.28,2010-12-17 15:18,HAND WARMER UNION JACK
C10509,513853,125,5.14,2011-03-29 12:58,WHITE HANGING HEART T-LIGHT HOLDER
C10484,565694,234,3.7,2011-03-25 13:46,WHITE METAL LANTERN
C10477,578132,157,2.46,2010-12-03 13:21,HAND WARMER RED POLKA DOT
C10449,599368,242,4.41,2011-10-02 12:50,STRAWBERRY CERAMIC TRINKET BOX
C10300,572781,54,1.73,2011-08-13 10:29,SET 7 BABUSHKA NESTING BOXES
C10262,522315,12,2.1,2011-03-09 12:52,LUNCH BAG PINK POLKADOT
C10491,510134,109,3.69,2011-09-22 10:08,PACK OF 20 SPACEBOY NAPKINS
C10378,564357,54,5.3,2011-07-21 16:24,LUNCH BAG BLACK SKULL
C10496,596161,129,7.7,2011-05-10 17:47,KNITTED UNION FLAG HOT WATER BOTTLE
C10512,541081,139,3.17,2011-11-22 16:31,SET 7 BABUSHKA NESTING BOXES
C10497,544559,196,6.6,2011-10-08 08:55,RED HARMONIA NOTEBOOK
C10078,535856,3,1.87,2011-05-28 13:46,BAKING SET 9 PIECE RETROSPOT
C10450,569461,137,3.97,2011-08-03 11:51,LUNCH BAG PINK POLKADOT
C10453,552872,294,3.52,2011-01-03 16:05,JAM MAKING SET WITH JARS
C10510,588063,78,2.79,2011-11-30 13:06,PACK OF 12 LONDON TISSUES
C10485,572620,94,4.84,2011-05-17 17:11,CHILDRENS APRON DOLLY GIRL
C10304,525544,11,4.41,2011-11-19 16:54,JAM MAKING SET WITH JARS
C10413,554544,45,3.26,2011-09-11 13:00,SET 7 BABUSHKA NESTING BOXES
C10252,551405,51,2.12,2011-10-11 17:02,POPCORN HOLDER
C10524,574580,176,2.75,2011-03-28 09:30,RED HARMONIA NOTEBOOK
C10420,532335,66,3.72,2011-03-19 17:19,BAKING SET 9 PIECE RETROSPOT
C10506,560890,50,2.76,2011-06-12 09:21,CREAM CUPID HEARTS COAT HANGER
C10470,525429,119,2.94,2011-12-06 09:03,CHILDRENS CUTLERY CIRCUS PARADE
C10372,543823,73,4.06,2011-03-18 11:03,JAM MAKING SET WITH JARS
C10463,594570,84,4.57,2011-11-06 11:31,PACK OF 20 SPACEBOY NAPKINS
C10289,519096,26,2.01,2011-03-05 12:18,POPCORN HOLDER
C10487,562185,192,5.08,2011-08-22 14:30,CHILDRENS APRON DOLLY GIRL
C10441,536989,114,4.32,2011-05-26 15:30,RED HARMONIA NOTEBOOK
C10295,570655,47,3.26,2011-09-26 15:03,SAVE THE PLANET MUG
C10431,553117,38,1.76,2011-10-26 09:36,ASSORTED COLOUR BIRD ORNAMENT
C10503,580814,151,7.19,2011-05-02 11:16,PACK OF 20 SPACEBOY NAPKINS
C10245,513238,44,4.33,2011-10-13 16:30,ASSORTED COLOUR BIRD ORNAMENT
C10295,593623,28,3.82,2011-06-30 11:24,GLASS STAR FROSTED T-LIGHT HOLDER
C10521,552909,71,8.24,2011-03-16 10:30,PACK OF 12 LONDON TISSUES
C10460,580098,213,4.71,2011-10-30 08:52,LUNCH BAG BLACK SKULL
C10497,593392,181,7.6,2011-07-03 15:00,SAVE THE PLANET MUG
C10474,526972,263,4.84,2011-11-15 12:15,JAM MAKING SET WITH JARS
C10487,521123,238,4.37,2011-08-22 14:03,PACK OF 20 SPACEBOY NAPKINS
C10501,555555,101,4.81,2011-12-02 14:57,SAVE THE PLANET MUG
C10303,599780,30,4.96,2011-09-16 14:55,LUNCH BAG PINK POLKADOT
C10051,570443,11,1.86,2011-03-03 10:11,PACK OF 12 LONDON TISSUES
C10525,533283,101,5.73,2010-12-07 17:44,WOODEN PICTURE FRAME WHITE FINISH
C10491,578179,94,1.63,2011-06-06 12:58,LUNCH BAG PINK POLKADOT
C10400,511020,80,2.01,2011-08-29 14:57,ASSORTED COLOUR BIRD ORNAMENT
C10454,560236,123,4.67,2011-04-10 15:29,HAND WARMER UNION JACK
C10338,536099,12,5.4,2010-12-16 16:07,LUNCH BAG PINK POLKADOT
C10476,586489,94,5.31,2011-05-17 13:12,SET OF 4 PANTRY JELLY MOULDS
C10407,511851,43,3.15,2011-09-07 14:25,STRAWBERRY CERAMIC TRINKET BOX
C10373,550449,21,3.02,2011-04-24 10:34,RED WOOLLY HOTTIE WHITE HEART
C10324,524938,14,2.69,2011-11-10 13:50,VICTORIAN GLASS HANGING T-LIGHT
C10460,554240,109,4.5,2011-06-22 08:27,BAKING SET 9 PIECE RETROSPOT
C10527,584131,78,4.19,2011-05-11 13:54,WHITE HANGING HEART T-LIGHT HOLDER
C10250,539215,34,5.38,2011-06-03 14:30,ASSORTED COLOUR BIRD ORNAMENT
C10521,517572,132,4.97,2011-04-14 16:58,MINI PAINT SET VINTAGE
C10452,511467,271,4.23,2011-09-05 09:26,ASSORTED COLOUR BIRD ORNAMENT
C10478,532438,269,3.0,2011-01-02 15:43,ZINC T-LIGHT HOLDER STARS SMALL
C10463,567426,121,3.29,2011-09-21 08:41,ZINC T-LIGHT HOLDER STARS SMALL
C10413,541816,63,5.27,2011-01-21 15:35,ASSORTED COLOUR BIRD ORNAMENT
C10491,541505,147,4.3,2011-07-19 08:51,ASSORTED COLOUR BIRD ORNAMENT
C10485,572191,169,1.73,2011-06-24 15:53,CHILDRENS APRON DOLLY GIRL
C10451,568252,87,5.23,2011-08-13 13:22,WHITE HANGING HEART T-LIGHT HOLDER
C10494,581761,189,5.26,2011-07-15 11:54,JUMBO BAG RED RETROSPOT
C10356,526182,29,3.39,2011-12-03 14:41,RECYCLED ACRYLIC DROP EARRINGS
C10232,559051,42,5.5,2011-05-04 16:52,SET OF 4 PANTRY JELLY MOULDS
C10530,581460,195,8.14,2011-02-18 10:25,SET OF 4 PANTRY JELLY MOULDS
C10452,597123,96,1.62,2011-02-23 10:08,ASSORTED COLOUR BIRD ORNAMENT
C10393,567216,60,2.49,2011-09-09 15:08,CREAM CUPID HEARTS COAT HANGER
C10282,588172,16,4.16,2011-09-11 09:50,ASSORTED COLOUR BIRD ORNAMENT
C10501,595032,186,6.23,2010-12-15 15:21,SAVE THE PLANET MUG
C10479,570338,133,1.92,2011-08-15 16:55,KNITTED UNION FLAG HOT WATER BOTTLE
C10300,525319,18,4.13,2011-09-03 10:34,WOODEN PICTURE FRAME WHITE FINISH
C10255,533394,14,3.61,2011-09-13 09:32,LUNCH BAG RED RETROSPOT
C10210,574517,23,2.41,2011-09-29 08:45,VICTORIAN GLASS HANGING T-LIGHT
C10106,594192,4,3.93,2011-06-28 17:04,ZINC T-LIGHT HOLDER STARS SMALL
C10496,572491,181,3.33,2011-05-20 16:35,MINI PAINT SET VINTAGE
C10348,588625,26,5.33,2011-09-04 14:27,STRAWBERRY CERAMIC TRINKET BOX
C10131,588094,5,3.2,2011-07-21 17:23,GLASS STAR FROSTED T-LIGHT HOLDER
C10525,565785,158,3.04,2011-05-25 08:37,CHILDRENS APRON DOLLY GIRL
C10529,550686,83,4.74,2011-06-07 12:43,LUNCH BAG BLACK SKULL
C10215,521629,15,1.13,2011-01-09 11:22,CHILDRENS CUTLERY CIRCUS PARADE
C10289,519229,16,1.4,2011-07-28 09:40,POPCORN HOLDER
C10452,549366,139,2.11,2011-08-10 11:45,PACK OF 20 SPACEBOY NAPKINS
C10444,585423,116,4.98,2011-08-18 09:01,ASSORTED COLOUR BIRD ORNAMENT
C10378,594523,74,3.45,2010-12-17 12:54,BAKING SET 9 PIECE RETROSPOT
C10350,550824,37,4.33,2010-12-27 10:13,WOODEN PICTURE FRAME WHITE FINISH
C10092,541252,6,1.8,2011-12-08 17:33,HAND WARMER UNION JACK
C10322,525264,40,3.04,2011-11-02 17:46,RECYCLED ACRYLIC DROP EARRINGS
C10332,568455,29,3.67,2011-06-11 09:03,ZINC T-LIGHT HOLDER STARS SMALL
C10328,564646,41,4.36,2011-07-17 09:23,VICTORIAN GLASS HANGING T-LIGHT
C10446,510400,143,2.2,2011-11-27 15:38,PACK OF 12 LONDON TISSUES
C10486,511200,138,5.18,2011-06-11 14:43,VICTORIAN GLASS HANGING T-LIGHT
C10430,597422,80,3.08,2011-10-23 09:33,GLASS STAR FROSTED T-LIGHT HOLDER
C10481,565824,253,2.76,2011-09-11 08:49,STRAWBERRY CERAMIC TRINKET BOX
C10192,545227,10,1.46,2011-11-02 10:07,PACK OF 12 LONDON TISSUES
C10240,593055,10,2.7,2011-09-08 14:25,HAND WARMER UNION JACK
C10373,561202,39,3.02,2011-05-21 08:15,ASSORTED COLOUR BIRD ORNAMENT
C10068,586869,4,2.89,2011-01-13 09:27,PACK OF 20 SPACEBOY NAPKINS
C10468,575188,200,3.96,2011-04-29 11:13,HAND WARMER UNION JACK
C10523,585993,73,3.47,2011-08-11 13:48,WHITE HANGING HEART T-LIGHT HOLDER
C10520,550225,75,5.42,2011-09-06 09:57,CHILDRENS CUTLERY CIRCUS PARADE
C10364,547940,16,3.54,2011-11-02 12:14,LUNCH BAG RED RETROSPOT
C10359,551195,45,3.15,2011-09-11 16:50,HAND WARMER RED POLKA DOT
C10462,510692,141,5.46,2010-12-27 10:04,RED HARMONIA NOTEBOOK
C10500,551134,143,4.82,2011-06-12 10:52,KNITTED UNION FLAG HOT WATER BOTTLE
C10295,540107,46,5.37,2011-07-12 10:13,GLASS STAR FROSTED T-LIGHT HOLDER
C10266,582100,32,5.09,2011-09-12 14:47,GLASS STAR FROSTED T-LIGHT HOLDER
C10501,516545,122,5.38,2011-09-19 11:48,JAM MAKING SET WITH JARS
C10306,553006,56,1.42,2011-01-26 16:08,LUNCH BAG BLACK SKULL
C10504,564209,162,7.39,2011-04-09 14:29,CHILDRENS APRON DOLLY GIRL
C10472,581580,113,3.24,2011-11-08 11:52,RECYCLED ACRYLIC DROP EARRINGS
C10028,552600,2,2.74,2011-04-04 15:36,BAKING SET 9 PIECE RETROSPOT
C10416,584883,19,4.52,2011-11-18 10:17,HAND WARMER RED POLKA DOT
C10372,530432,16,2.9,2011-01-10 11:04,HAND WARMER RED POLKA DOT
C10497,539479,143,5.69,2011-11-24 14:59,RED HARMONIA NOTEBOOK
C10278,556346,53,2.66,2011-12-06 17:39,JUMBO BAG RED RETROSPOT
C10509,552687,188,4.23,2011-05-01 12:16,WHITE HANGING HEART T-LIGHT HOLDER
C10447,533330,245,2.63,2011-10-02 17:07,LUNCH BAG PINK POLKADOT
C10401,515209,36,1.77,2011-04-22 17:56,MINI PAINT SET VINTAGE
C10445,528623,198,3.17,2011-05-26 11:33,LUNCH BAG RED RETROSPOT
C10468,563372,198,5.33,2010-12-21 14:54,LUNCH BAG BLACK SKULL
C10358,522393,27,4.2,2011-10-29 13:37,PACK OF 12 LONDON TISSUES
C10438,516872,60,5.84,2010-12-22 11:05,ASSORTED COLOUR BIRD ORNAMENT
C10515,584878,61,2.8,2010-12-31 08:32,POPCORN HOLDER
C10526,521420,126,7.79,2011-07-18 17:48,CREAM CUPID HEARTS COAT HANGER
C10462,563155,80,5.41,2011-09-04 09:16,POPCORN HOLDER
C10309,587068,11,4.21,2011-11-12 13:49,PACK OF 12 LONDON TISSUES
C10095,581567,4,1.61,2011-01-04 13:15,SAVE THE PLANET MUG
C10420,589775,43,2.3,2011-10-08 12:54,WHITE HANGING HEART T-LIGHT HOLDER
C10345,543130,36,3.17,2011-09-10 09:23,CHILDRENS APRON DOLLY GIRL
C10412,584447,40,5.79,2011-06-10 17:21,BAKING SET 9 PIECE RETROSPOT
C10445,513208,272,2.89,2011-06-02 15:23,MINI PAINT SET VINTAGE
C10329,587283,60,1.86,2011-01-30 13:19,SET 7 BABUSHKA NESTING BOXES
C10299,558745,26,2.21,2011-03-29 16:41,WHITE HANGING HEART T-LIGHT HOLDER
C10303,593747,28,2.49,2011-04-27 14:11,STRAWBERRY CERAMIC TRINKET BOX
C10456,512102,160,3.32,2011-06-12 10:00,GLASS STAR FROSTED T-LIGHT HOLDER
C10515,529449,175,6.62,2011-08-19 11:28,WOODEN PICTURE FRAME WHITE FINISH
C10250,524855,36,4.7,2011-11-26 16:40,HAND WARMER UNION JACK
C10456,516730,113,3.02,2011-08-24 13:50,GLASS STAR FROSTED T-LIGHT HOLDER
C10518,575594,200,7.23,2011-01-11 10:37,CHILDRENS CUTLERY CIRCUS PARADE
C10432,551015,26,4.43,2011-02-27 15:54,RED WOOLLY HOTTIE WHITE HEART
C10296,594887,32,2.51,2010-12-21 15:46,LUNCH BAG RED RETROSPOT
C10243,594886,50,4.24,2011-11-11 16:55,JUMBO BAG RED RETROSPOT
C10518,558636,73,3.47,2011-02-27 08:25,SET OF 4 PANTRY JELLY MOULDS
C10518,586262,179,4.05,2011-11-03 12:51,SET OF 4 PANTRY JELLY MOULDS
C10235,578697,56,3.46,2011-04-07 11:44,WHITE HANGING HEART T-LIGHT HOLDER
C10076,552568,3,2.51,2011-09-20 14:45,VICTORIAN GLASS HANGING T-LIGHT
C10387,545477,34,5.8,2011-11-16 10:29,JUMBO BAG RED RETROSPOT
C10493,550563,90,3.35,2011-02-09 16:03,WOODEN PICTURE FRAME WHITE FINISH
C10478,585707,259,5.35,2011-03-21 11:28,WOODEN PICTURE FRAME WHITE FINISH
C10436,530273,27,5.44,2011-07-09 12:31,RED WOOLLY HOTTIE WHITE HEART
C10055,564460,6,2.32,2010-12-18 17:23,WHITE METAL LANTERN
C10245,591412,51,3.86,2011-06-03 12:13,MINI PAINT SET VINTAGE
C10445,562853,296,5.27,2011-02-21 09:03,HAND WARMER RED POLKA DOT
C10202,552964,24,0.92,2011-01-31 09:10,LUNCH BAG BLACK SKULL
C10387,526178,51,5.24,2011-05-25 17:07,SET 7 BABUSHKA NESTING BOXES
C10448,536946,285,1.7,2011-07-02 14:44,CHILDRENS CUTLERY CIRCUS PARADE
C10453,587274,178,4.47,2011-03-09 13:25,SAVE THE PLANET MUG
C10494,541933,171,2.72,2011-03-29 09:03,ZINC T-LIGHT HOLDER STARS SMALL
C10205,561773,23,1.56,2011-05-19 09:02,ASSORTED COLOUR BIRD ORNAMENT
C10482,552247,139,4.78,2011-11-07 15:07,KNITTED UNION FLAG HOT WATER BOTTLE
C10454,523155,194,2.16,2011-09-07 16:17,CREAM CUPID HEARTS COAT HANGER
C10181,566072,19,0.85,2011-10-17 15:01,BAKING SET 9 PIECE RETROSPOT
C10362,546152,74,3.83,2010-12-05 16:45,CHILDRENS CUTLERY CIRCUS PARADE
C10058,518285,11,2.05,2011-03-30 15:01,PACK OF 12 LONDON TISSUES
C10232,595389,27,2.36,2011-11-29 12:27,SET OF 4 PANTRY JELLY MOULDS
C10272,564269,58,2.6,2011-10-17 11:26,STRAWBERRY CERAMIC TRINKET BOX
C10223,514551,14,0.98,2011-08-25 14:34,WOODEN PICTURE FRAME WHITE FINISH
C10393,539523,19,3.81,2010-12-19 13:04,RECYCLED ACRYLIC DROP EARRINGS
C10307,586273,41,2.43,2011-07-13 16:42,LUNCH BAG PINK POLKADOT
C10254,546242,32,2.73,2011-11-23 11:39,ZINC T-LIGHT HOLDER STARS SMALL
C10163,562534,24,1.64,2011-06-12 09:28,JAM MAKING SET WITH JARS
C10478,598502,113,1.88,2011-12-09 09:25,ZINC T-LIGHT HOLDER STARS SMALL
C10431,515225,68,5.2,2011-04-04 17:31,POPCORN HOLDER
C10475,552000,163,1.32,2011-10-14 13:43,JUMBO BAG RED RETROSPOT
C10257,551383,50,3.45,2011-02-15 15:51,RED HARMONIA NOTEBOOK
C10047,567711,3,3.69,2011-11-05 10:31,CREAM CUPID HEARTS COAT HANGER
C10449,525738,277,1.4,2011-05-20 11:31,STRAWBERRY CERAMIC TRINKET BOX
C10287,566981,19,3.5,2011-05-04 15:47,SAVE THE PLANET MUG
C10399,544521,36,2.18,2011-08-05 17:14,POPCORN HOLDER
C10415,558863,20,1.98,2011-08-08 15:23,CREAM CUPID HEARTS COAT HANGER
C10445,557934,241,1.88,2011-07-09 09:43,STRAWBERRY CERAMIC TRINKET BOX
C10455,565478,220,3.25,2011-07-15 17:13,CHILDRENS APRON DOLLY GIRL
C10521,533714,184,4.06,2011-07-18 14:27,RED HARMONIA NOTEBOOK
C10521,544040,144,7.16,2010-12-27 14:57,HAND WARMER UNION JACK
C10488,584262,289,1.92,2011-10-14 11:28,JUMBO BAG RED RETROSPOT
C10530,596068,107,8.29,2011-05-03 09:01,RECYCLED ACRYLIC DROP EARRINGS
C10489,546562,174,4.72,2011-06-15 09:18,MINI PAINT SET VINTAGE
C10264,575214,22,3.48,2011-09-17 10:34,WOODEN PICTURE FRAME WHITE FINISH
C10516,585334,132,4.75,2011-01-19 11:28,LUNCH BAG BLACK SKULL
C10445,574105,207,2.53,2010-12-04 12:18,VICTORIAN GLASS HANGING T-LIGHT
C10379,595527,60,2.46,2011-01-30 17:50,RED WOOLLY HOTTIE WHITE HEART
C10476,576874,206,4.25,2011-10-14 12:54,ASSORTED COLOUR BIRD ORNAMENT
C10457,518662,266,3.3,2011-05-21 17:29,CHILDRENS CUTLERY CIRCUS PARADE
C10119,585047,12,2.11,2011-02-26 16:40,SAVE THE PLANET MUG
C10439,561761,28,4.96,2011-10-04 08:40,PACK OF 12 LONDON TISSUES
C10355,568495,39,1.96,2011-01-14 12:53,SAVE THE PLANET MUG
C10133,583242,9,2.91,2011-03-16 17:31,PACK OF 12 LONDON TISSUES
C10371,565291,25,4.18,2011-05-13 15:27,POPCORN HOLDER
C10473,551738,125,3.56,2011-02-11 15:47,JUMBO BAG RED RETROSPOT
C10520,518021,108,5.39,2011-08-13 14:16,CHILDRENS CUTLERY CIRCUS PARADE
C10424,573747,69,3.37,2011-01-04 13:54,VICTORIAN GLASS HANGING T-LIGHT
C10290,557044,46,3.53,2011-07-12 14:54,WHITE METAL LANTERN
C10501,583565,85,5.03,2011-10-05 10:08,SAVE THE PLANET MUG
C10082,567377,4,1.6,2011-01-13 16:41,LUNCH BAG BLACK SKULL
C10512,597723,81,2.72,2011-06-16 14:15,ZINC T-LIGHT HOLDER STARS SMALL
C10527,520497,180,7.54,2011-02-08 10:47,VICTORIAN GLASS HANGING T-LIGHT
C10159,570012,24,1.87,2011-07-04 12:30,JAM MAKING SET WITH JARS
C10503,516299,188,5.8,2010-12-28 08:09,CHILDRENS CUTLERY CIRCUS PARADE
C10285,585230,42,5.1,2010-12-06 15:29,MINI PAINT SET VINTAGE
C10472,534954,168,2.85,2011-12-01 15:56,SET OF 4 PANTRY JELLY MOULDS
C10351,515089,14,2.99,2011-07-29 11:09,JAM MAKING SET WITH JARS
C10440,563729,29,4.63,2011-06-13 10:18,SAVE THE PLANET MUG
C10404,526206,46,1.8,2011-10-22 08:19,BAKING SET 9 PIECE RETROSPOT
C10416,572338,57,4.01,2011-07-12 12:47,STRAWBERRY CERAMIC TRINKET BOX
C10496,592221,52,6.54,2011-08-08 08:43,LUNCH BAG BLACK SKULL
C10320,565838,21,3.09,2011-06-17 15:17,BAKING SET 9 PIECE RETROSPOT
C10356,551896,34,5.41,2011-03-07 09:36,RECYCLED ACRYLIC DROP EARRINGS
C10417,556140,66,4.04,2011-02-18 17:37,ASSORTED COLOUR BIRD ORNAMENT
C10425,565611,40,2.97,2011-06-18 08:00,ASSORTED COLOUR BIRD ORNAMENT
C10332,542133,44,5.44,2011-08-10 16:48,ZINC T-LIGHT HOLDER STARS SMALL
C10455,575655,211,4.71,2011-11-23 14:10,HAND WARMER UNION JACK
C10521,574463,159,6.14,2011-08-28 14:46,HAND WARMER UNION JACK
C10417,510437,37,3.39,2011-09-16 14:26,HAND WARMER RED POLKA DOT
C10500,545601,137,4.48,2011-10-13 13:13,RED HARMONIA NOTEBOOK
C10524,512357,153,7.23,2011-07-24 12:37,ASSORTED COLOUR BIRD ORNAMENT
C10353,537862,38,3.66,2010-12-04 10:52,KNITTED UNION FLAG HOT WATER BOTTLE
C10481,521067,260,1.51,2011-02-27 11:16,CHILDRENS APRON DOLLY GIRL
C10074,575193,7,1.8,2011-06-21 17:03,GLASS STAR FROSTED T-LIGHT HOLDER
C10504,586221,167,2.91,2010-12-29 09:57,CHILDRENS CUTLERY CIRCUS PARADE
C10470,517179,224,3.63,2011-10-03 17:39,CHILDRENS CUTLERY CIRCUS PARADE
C10427,590611,66,2.88,2011-09-03 14:48,RED WOOLLY HOTTIE WHITE HEART
C10485,590924,237,4.07,2010-12-22 16:34,CHILDRENS APRON DOLLY GIRL
C10267,539083,10,2.53,2011-07-20 15:25,RECYCLED ACRYLIC DROP EARRINGS
C10523,547182,107,8.44,2010-12-23 16:00,SAVE THE PLANET MUG
C10056,519869,3,2.67,2011-04-11 15:51,PACK OF 20 SPACEBOY NAPKINS
C10462,589332,187,2.33,2011-07-29 13:25,PACK OF 12 LONDON TISSUES
C10442,582393,184,1.92,2011-05-12 15:15,ZINC T-LIGHT HOLDER STARS SMALL
C10483,597370,201,2.61,2011-06-23 12:19,SET OF 4 PANTRY JELLY MOULDS
C10235,534697,41,2.78,2011-05-26 12:08,RED HARMONIA NOTEBOOK
C10428,526544,18,5.85,2011-11-04 10:37,CREAM CUPID HEARTS COAT HANGER
C10296,569616,47,1.35,2011-08-29 14:30,BAKING SET 9 PIECE RETROSPOT
C10251,547152,56,4.34,2011-02-24 12:59,SET 7 BABUSHKA NESTING BOXES
C10498,520407,86,8.09,2011-11-08 16:31,JUMBO BAG RED RETROSPOT
C10522,510698,111,8.0,2010-12-21 13:43,LUNCH BAG RED RETROSPOT
C10305,546943,23,4.29,2011-11-03 16:37,CHILDRENS APRON DOLLY GIRL
C10255,585197,30,2.75,2011-09-15 15:49,WHITE HANGING HEART T-LIGHT HOLDER
C10466,526114,183,2.86,2011-11-06 08:55,JUMBO BAG RED RETROSPOT
C10511,586610,197,3.95,2011-09-02 17:42,LUNCH BAG PINK POLKADOT
C10498,599216,107,3.13,2011-07-28 14:58,SET 7 BABUSHKA NESTING BOXES
C10401,569486,71,3.92,2011-07-07 12:20,JUMBO BAG RED RETROSPOT
C10350,589874,38,3.05,2011-09-30 16:53,CHILDRENS CUTLERY CIRCUS PARADE
C10458,547282,98,4.79,2011-07-01 15:01,WHITE METAL LANTERN
C10364,554845,45,1.88,2011-08-28 16:57,LUNCH BAG PINK POLKADOT
C10375,553086,70,2.52,2011-06-11 10:36,CHILDRENS APRON DOLLY GIRL
C10384,565389,63,4.83,2011-05-30 12:07,LUNCH BAG BLACK SKULL
C10252,581267,15,2.45,2011-08-16 14:52,POPCORN HOLDER
C10339,576736,58,5.0,2011-10-12 17:12,MINI PAINT SET VINTAGE
C10524,586756,145,2.98,2011-11-03 16:57,RED HARMONIA NOTEBOOK
C10441,577829,248,2.88,2011-11-17 17:24,RED HARMONIA NOTEBOOK
C10519,557805,68,4.76,2011-11-27 09:01,WHITE METAL LANTERN
C10496,535727,142,5.96,2011-07-26 15:10,LUNCH BAG BLACK SKULL
C10505,588346,103,3.46,2011-08-10 14:47,VICTORIAN GLASS HANGING T-LIGHT
C10450,553895,255,4.27,2011-06-09 15:22,LUNCH BAG PINK POLKADOT
C10189,562163,6,2.37,2011-11-15 10:48,WOODEN PICTURE FRAME WHITE FINISH
C10379,512877,65,2.09,2011-11-29 10:32,GLASS STAR FROSTED T-LIGHT HOLDER
C10178,598635,12,2.11,2011-02-03 10:15,STRAWBERRY CERAMIC TRINKET BOX
C10503,583280,91,3.47,2011-10-09 11:36,BAKING SET 9 PIECE RETROSPOT
C10273,536812,52,5.45,2011-10-02 11:14,WHITE HANGING HEART T-LIGHT HOLDER
C10395,560418,17,5.4,2011-04-22 17:24,GLASS STAR FROSTED T-LIGHT HOLDER
C10385,532377,48,5.48,2011-04-27 17:18,GLASS STAR FROSTED T-LIGHT HOLDER
C10006,524663,8,2.9,2011-02-05 12:10,CREAM CUPID HEARTS COAT HANGER
C10527,577191,119,3.89,2011-08-01 17:41,GLASS STAR FROSTED T-LIGHT HOLDER
C10415,593599,33,4.3,2011-10-11 15:27,CREAM CUPID HEARTS COAT HANGER
C10203,582105,19,1.77,2011-02-28 08:25,PACK OF 12 LONDON TISSUES
C10472,569489,129,2.09,2011-06-27 10:55,SET OF 4 PANTRY JELLY MOULDS
C10497,517922,150,4.67,2010-12-15 12:15,SET 7 BABUSHKA NESTING BOXES
C10338,544313,22,1.34,2011-03-25 11:29,LUNCH BAG PINK POLKADOT
C10431,542597,59,3.18,2011-11-28 15:35,POPCORN HOLDER
C10507,549938,113,5.1,2011-05-28 11:47,PACK OF 20 SPACEBOY NAPKINS
C10422,530595,35,4.3,2011-07-15 13:40,MINI PAINT SET VINTAGE
C10263,530174,13,2.76,2011-05-16 08:10,POPCORN HOLDER
C10332,595400,25,4.49,2011-04-17 08:20,ZINC T-LIGHT HOLDER STARS SMALL
C10382,551048,25,4.07,2011-01-31 09:28,WHITE METAL LANTERN
C10455,522108,261,5.14,2011-04-28 11:24,SET 7 BABUSHKA NESTING BOXES
C10374,584545,32,5.74,2011-11-30 14:15,JAM MAKING SET WITH JARS
C10064,590623,10,2.05,2011-07-04 16:07,JAM MAKING SET WITH JARS
C10409,553050,15,4.2,2011-07-06 11:39,BAKING SET 9 PIECE RETROSPOT
C10265,537359,10,5.2,2010-12-17 17:41,MINI PAINT SET VINTAGE
C10296,584760,55,3.2,2011-08-16 08:27,PACK OF 20 SPACEBOY NAPKINS
C10311,518444,36,2.6,2011-02-14 11:09,RED HARMONIA NOTEBOOK
C10487,594549,142,4.07,2011-08-28 12:14,WOODEN PICTURE FRAME WHITE FINISH
C10501,550470,196,7.9,2011-05-07 09:12,JAM MAKING SET WITH JARS
C10460,593757,218,4.19,2011-05-18 10:34,BAKING SET 9 PIECE RETROSPOT
C10218,590431,7,1.41,2011-01-08 16:57,BAKING SET 9 PIECE RETROSPOT
C10330,550481,11,3.68,2011-06-17 11:57,LUNCH BAG BLACK SKULL
C10446,553392,222,2.7,2011-02-20 13:40,RED WOOLLY HOTTIE WHITE HEART
C10391,531245,51,2.63,2011-11-06 09:31,BAKING SET 9 PIECE RETROSPOT
C10448,547963,84,3.42,2010-12-27 11:30,ASSORTED COLOUR BIRD ORNAMENT
C10503,544536,123,2.89,2011-07-25 13:54,CHILDRENS CUTLERY CIRCUS PARADE
C10505,524809,124,3.4,2010-12-25 09:33,LUNCH BAG PINK POLKADOT
C10518,541420,51,7.44,2011-04-18 17:18,SET OF 4 PANTRY JELLY MOULDS
C10442,556752,103,2.58,2010-12-11 08:58,LUNCH BAG BLACK SKULL
C10518,587624,164,5.8,2011-06-01 10:22,CHILDRENS CUTLERY CIRCUS PARADE
C10529,584605,166,8.19,2011-08-19 16:09,VICTORIAN GLASS HANGING T-LIGHT
C10259,523622,58,5.48,2011-06-30 10:11,ZINC T-LIGHT HOLDER STARS SMALL
C10448,595381,194,3.81,2011-04-13 11:15,ASSORTED COLOUR BIRD ORNAMENT
C10524,557091,178,7.21,2011-06-23 12:24,ASSORTED COLOUR BIRD ORNAMENT
C10407,510734,23,5.97,2011-06-09 17:41,WHITE METAL LANTERN
C10446,564657,84,3.15,2010-12-07 12:40,RED WOOLLY HOTTIE WHITE HEART
C10137,512050,11,3.42,2011-07-24 13:09,GLASS STAR FROSTED T-LIGHT HOLDER
C10348,598853,50,4.21,2011-10-31 13:00,PACK OF 20 SPACEBOY NAPKINS
C10232,523410,49,2.94,2011-04-09 11:29,CHILDRENS CUTLERY CIRCUS PARADE
C10503,554346,121,5.03,2011-11-22 13:25,JUMBO BAG RED RETROSPOT
C10485,551098,167,3.75,2011-04-18 14:33,CHILDRENS APRON DOLLY GIRL
C10503,569082,127,3.89,2011-03-22 09:16,ZINC T-LIGHT HOLDER STARS SMALL
C10484,515739,127,5.42,2011-09-06 11:46,HAND WARMER RED POLKA DOT
C10451,541637,177,4.43,2011-06-13 08:31,ASSORTED COLOUR BIRD ORNAMENT
C10509,571905,67,8.08,2011-09-30 17:22,GLASS STAR FROSTED T-LIGHT HOLDER
C10427,527014,31,2.6,2011-06-25 13:58,RED WOOLLY HOTTIE WHITE HEART
C10423,552688,69,5.09,2011-04-20 08:52,HAND WARMER UNION JACK
C10530,562517,193,7.93,2011-02-16 16:30,KNITTED UNION FLAG HOT WATER BOTTLE
C10515,510347,80,4.94,2011-11-02 16:05,WOODEN PICTURE FRAME WHITE FINISH
C10519,512611,151,6.5,2011-03-14 17:56,WHITE HANGING HEART T-LIGHT HOLDER
C10301,529391,52,2.78,2010-12-29 17:41,RED HARMONIA NOTEBOOK
C10084,561374,12,3.25,2011-11-02 17:55,SAVE THE PLANET MUG
C10256,555519,44,1.39,2011-01-24 09:58,BAKING SET 9 PIECE RETROSPOT
C10350,531989,33,2.94,2011-08-09 09:12,CHILDRENS CUTLERY CIRCUS PARADE
C10279,521376,12,2.4,2011-05-07 13:45,PACK OF 20 SPACEBOY NAPKINS
C10501,593545,140,3.92,2011-03-21 09:10,JAM MAKING SET WITH JARS
C10036,547056,2,2.08,2011-02-27 16:04,GLASS STAR FROSTED T-LIGHT HOLDER
C10332,528660,50,3.38,2011-06-30 13:16,ZINC T-LIGHT HOLDER STARS SMALL
C10448,510937,138,3.73,2011-01-11 14:21,ASSORTED COLOUR BIRD ORNAMENT
C10361,522838,43,2.84,2011-04-13 14:41,WOODEN PICTURE FRAME WHITE FINISH
C10248,528350,15,4.83,2011-11-01 11:06,ASSORTED COLOUR BIRD ORNAMENT
C10467,541646,267,1.71,2011-12-09 08:35,RED HARMONIA NOTEBOOK
C10450,563477,227,2.74,2011-07-30 16:10,LUNCH BAG PINK POLKADOT
C10471,545002,295,2.07,2011-09-14 08:53,SAVE THE PLANET MUG
C10185,592323,16,2.04,2011-09-15 08:39,MINI PAINT SET VINTAGE
C10475,594649,173,1.36,2011-09-30 14:12,CHILDRENS CUTLERY CIRCUS PARADE
C10091,510688,9,2.62,2011-02-13 10:02,CREAM CUPID HEARTS COAT HANGER
C10252,510942,43,1.75,2011-10-05 16:52,POPCORN HOLDER
C10520,560246,168,3.46,2011-01-20 10:14,ZINC T-LIGHT HOLDER STARS SMALL
C10314,551864,48,4.16,2011-11-23 12:32,RED WOOLLY HOTTIE WHITE HEART
C10265,593744,15,3.24,2011-02-05 10:55,POPCORN HOLDER
C10003,527361,5,2.76,2011-01-21 09:34,WHITE HANGING HEART T-LIGHT HOLDER
C10410,521870,74,2.03,2011-09-27 13:33,LUNCH BAG PINK POLKADOT
C10248,592132,22,2.37,2011-11-03 12:44,JUMBO BAG RED RETROSPOT
C10093,548177,5,3.3,2010-12-09 16:36,POPCORN HOLDER
C10455,539960,177,2.8,2011-04-20 11:45,RED HARMONIA NOTEBOOK
C10464,599254,269,1.56,2011-04-24 12:51,HAND WARMER RED POLKA DOT
C10363,594275,42,5.67,2011-02-07 16:22,MINI PAINT SET VINTAGE
C10039,585529,12,3.55,2011-05-15 17:16,SET OF 4 PANTRY JELLY MOULDS
C10315,535987,15,5.39,2010-12-12 16:41,RED WOOLLY HOTTIE WHITE HEART
C10476,553370,121,5.03,2011-05-07 09:20,SET OF 4 PANTRY JELLY MOULDS
C10298,520085,28,5.32,2011-04-29 15:39,CREAM CUPID HEARTS COAT HANGER
C10441,560913,267,3.17,2011-04-11 10:23,RED HARMONIA NOTEBOOK
C10355,580063,17,4.08,2011-11-10 16:55,LUNCH BAG RED RETROSPOT
C10460,592781,202,5.46,2011-11-04 16:18,VICTORIAN GLASS HANGING T-LIGHT
C10487,566260,88,4.12,2011-02-08 14:50,MINI PAINT SET VINTAGE
C10444,519932,259,1.78,2011-09-25 15:40,ASSORTED COLOUR BIRD ORNAMENT
C10342,584393,30,3.74,2011-07-25 13:50,RECYCLED ACRYLIC DROP EARRINGS
C10438,590349,41,4.13,2011-09-19 16:11,STRAWBERRY CERAMIC TRINKET BOX
C10382,511362,18,2.62,2011-06-25 08:57,CHILDRENS CUTLERY CIRCUS PARADE
C10372,549257,32,4.9,2010-12-14 14:23,LUNCH BAG BLACK SKULL
C10286,530204,19,3.78,2011-09-29 10:42,MINI PAINT SET VINTAGE
C10424,524723,26,5.89,2011-08-29 12:44,HAND WARMER UNION JACK
C10087,568841,11,2.21,2011-03-03 17:51,JAM MAKING SET WITH JARS
C10353,598185,25,3.28,2011-07-09 10:11,WHITE METAL LANTERN
C10493,552539,165,5.08,2010-12-18 16:59,GLASS STAR FROSTED T-LIGHT HOLDER
C10027,542177,11,2.17,2011-04-18 17:51,LUNCH BAG RED RETROSPOT
C10449,559469,96,2.94,2011-12-04 14:46,STRAWBERRY CERAMIC TRINKET BOX
C10326,594394,54,2.97,2011-07-08 14:58,RECYCLED ACRYLIC DROP EARRINGS
C10470,548588,164,3.65,2011-06-27 08:13,LUNCH BAG PINK POLKADOT
C10508,549992,60,4.48,2011-11-04 15:11,ZINC T-LIGHT HOLDER STARS SMALL
C10375,537979,75,2.28,2011-10-16 13:23,PACK OF 12 LONDON TISSUES
C10290,573185,10,2.88,2011-06-19 17:00,BAKING SET 9 PIECE RETROSPOT
C10225,546202,22,1.39,2011-06-17 16:25,CHILDRENS CUTLERY CIRCUS PARADE
C10496,589150,110,5.37,2011-01-27 16:27,MINI PAINT SET VINTAGE
C10456,570960,175,1.48,2011-09-04 14:56,VICTORIAN GLASS HANGING T-LIGHT
C10255,599536,21,5.28,2011-11-21 15:24,VICTORIAN GLASS HANGING T-LIGHT
C10363,584559,15,4.86,2011-01-27 13:58,PACK OF 20 SPACEBOY NAPKINS
C10327,542457,55,2.86,2011-12-07 10:33,BAKING SET 9 PIECE RETROSPOT
C10246,567047,54,4.98,2010-12-04 09:13,MINI PAINT SET VINTAGE
C10435,562894,57,2.04,2011-11-26 10:25,LUNCH BAG PINK POLKADOT
C10461,528012,127,4.28,2011-07-26 09:08,CREAM CUPID HEARTS COAT HANGER
C10434,575160,73,4.34,2011-06-01 09:44,PACK OF 20 SPACEBOY NAPKINS
C10467,545101,245,1.52,2010-12-03 12:40,RED WOOLLY HOTTIE WHITE HEART
C10429,590362,41,5.67,2011-11-14 11:49,LUNCH BAG BLACK SKULL
C10501,521668,165,8.04,2011-11-22 17:33,SAVE THE PLANET MUG
C10136,565591,12,3.3,2011-09-02 14:33,RED WOOLLY HOTTIE WHITE HEART
C10411,586706,36,1.81,2011-01-17 15:22,WHITE METAL LANTERN
C10464,519996,223,1.32,2011-04-05 13:02,MINI PAINT SET VINTAGE
C10507,534488,107,4.6,2011-09-08 08:03,RECYCLED ACRYLIC DROP EARRINGS
C10462,563021,154,2.71,2011-04-06 09:21,POPCORN HOLDER
C10326,514861,13,2.92,2010-12-06 16:04,RECYCLED ACRYLIC DROP EARRINGS
C10496,526671,141,7.6,2011-11-24 10:06,LUNCH BAG BLACK SKULL
C10142,589294,6,2.44,2011-03-15 13:41,GLASS STAR FROSTED T-LIGHT HOLDER
C10331,551599,11,4.9,2011-01-13 16:38,CHILDRENS CUTLERY CIRCUS PARADE
C10470,548738,102,5.03,2011-01-03 12:18,CHILDRENS APRON DOLLY GIRL
C10507,575745,102,7.79,2011-03-02 12:15,LUNCH BAG RED RETROSPOT
C10298,578247,19,4.97,2011-08-14 16:53,CREAM CUPID HEARTS COAT HANGER
C10451,532795,258,3.45,2011-10-11 17:02,RED WOOLLY HOTTIE WHITE HEART
C10471,582170,249,2.38,2011-04-25 08:57,SAVE THE PLANET MUG
C10453,590788,167,3.51,2011-04-22 14:17,LUNCH BAG PINK POLKADOT
C10513,534029,197,4.94,2011-08-01 15:00,LUNCH BAG BLACK SKULL
C10361,555731,77,2.07,2011-07-06 10:34,SET 7 BABUSHKA NESTING BOXES
C10093,541531,2,3.04,2011-08-13 17:34,POPCORN HOLDER
C10268,580769,43,1.43,2011-08-07 17:52,BAKING SET 9 PIECE RETROSPOT
C10125,547649,12,2.0,2011-09-08 10:26,WHITE HANGING HEART T-LIGHT HOLDER
C10400,563592,60,5.78,2011-05-22 13:37,WHITE METAL LANTERN
C10475,560630,212,2.37,2011-10-10 12:11,RED WOOLLY HOTTIE WHITE HEART
C10292,523937,47,1.52,2010-12-24 11:44,ASSORTED COLOUR BIRD ORNAMENT
C10477,586865,237,2.88,2010-12-04 08:02,RED WOOLLY HOTTIE WHITE HEART
C10325,567870,20,4.35,2011-05-31 08:49,GLASS STAR FROSTED T-LIGHT HOLDER
C10342,526822,18,3.7,2011-01-13 13:54,BAKING SET 9 PIECE RETROSPOT
C10473,580657,83,4.55,2011-08-13 16:10,JUMBO BAG RED RETROSPOT
C10094,576535,10,2.77,2011-06-03 09:33,PACK OF 12 LONDON TISSUES
C10280,581110,42,1.69,2011-05-17 10:49,CREAM CUPID HEARTS COAT HANGER
C10530,532224,176,3.68,2011-09-15 09:13,RED WOOLLY HOTTIE WHITE HEART
C10504,557154,117,2.8,2011-07-08 15:23,STRAWBERRY CERAMIC TRINKET BOX
C10041,543082,9,1.72,2011-11-21 15:18,CHILDRENS APRON DOLLY GIRL
C10419,529401,19,4.96,2011-12-02 17:41,SAVE THE PLANET MUG
C10516,517034,160,5.15,2011-04-12 13:32,SAVE THE PLANET MUG
C10086,591006,12,2.34,2011-05-24 15:12,SET 7 BABUSHKA NESTING BOXES
C10427,580349,68,5.37,2011-01-26 10:01,CHILDRENS CUTLERY CIRCUS PARADE
C10354,553287,13,5.4,2010-12-04 14:38,POPCORN HOLDER
C10304,532571,58,5.37,2011-08-30 16:44,WHITE HANGING HEART T-LIGHT HOLDER
C10445,571903,104,1.32,2011-11-11 09:20,PACK OF 20 SPACEBOY NAPKINS
C10035,544687,5,3.06,2011-09-28 14:19,LUNCH BAG BLACK SKULL
C10407,518009,73,3.09,2011-08-07 10:47,MINI PAINT SET VINTAGE
C10451,580210,224,2.9,2011-09-28 15:40,STRAWBERRY CERAMIC TRINKET BOX
C10397,515863,60,4.0,2011-04-12 12:16,SET OF 4 PANTRY JELLY MOULDS
C10450,510529,213,1.69,2011-06-05 09:38,LUNCH BAG PINK POLKADOT
C10284,581587,27,3.0,2011-07-02 10:18,SET 7 BABUSHKA NESTING BOXES
C10495,514187,97,1.31,2010-12-05 11:10,VICTORIAN GLASS HANGING T-LIGHT
C10517,550037,147,6.85,2010-12-29 12:27,POPCORN HOLDER
C10011,510221,2,3.27,2011-01-29 14:57,SET OF 4 PANTRY JELLY MOULDS
C10340,591412,12,3.23,2011-04-17 17:25,LUNCH BAG PINK POLKADOT
C10428,569400,72,5.97,2010-12-18 11:10,HAND WARMER UNION JACK
C10471,563336,226,2.86,2011-05-16 17:58,GLASS STAR FROSTED T-LIGHT HOLDER
C10465,586758,231,5.07,2011-01-30 11:23,RECYCLED ACRYLIC DROP EARRINGS
C10445,534105,118,3.77,2011-10-24 12:13,PACK OF 20 SPACEBOY NAPKINS
C10141,564592,2,2.91,2011-09-02 15:15,HAND WARMER RED POLKA DOT
C10320,578770,43,3.93,2011-11-06 09:53,BAKING SET 9 PIECE RETROSPOT
C10344,532954,49,4.75,2011-05-18 17:56,RED HARMONIA NOTEBOOK
C10318,575288,14,2.3,2011-09-14 15:29,CHILDRENS CUTLERY CIRCUS PARADE
C10497,543388,198,4.22,2010-12-21 14:14,SET 7 BABUSHKA NESTING BOXES
C10256,569925,53,4.55,2011-03-04 16:17,SET 7 BABUSHKA NESTING BOXES
C10219,580795,22,2.04,2011-01-21 13:13,JUMBO BAG RED RETROSPOT
C10357,552391,35,1.66,2011-03-26 08:59,CREAM CUPID HEARTS COAT HANGER
C10317,551358,37,5.04,2011-10-07 17:45,GLASS STAR FROSTED T-LIGHT HOLDER
C10371,510375,26,2.67,2011-07-07 12:09,POPCORN HOLDER
C10524,590938,140,3.07,2011-04-20 15:20,JAM MAKING SET WITH JARS
C10401,525720,29,4.77,2011-08-07 15:14,VICTORIAN GLASS HANGING T-LIGHT
C10529,562437,182,4.72,2011-01-30 13:55,VICTORIAN GLASS HANGING T-LIGHT
C10528,544676,157,3.67,2011-08-28 10:38,VICTORIAN GLASS HANGING T-LIGHT
C10495,587803,123,3.77,2011-06-19 10:18,ZINC T-LIGHT HOLDER STARS SMALL
C10337,553995,47,3.66,2011-10-23 16:16,WHITE HANGING HEART T-LIGHT HOLDER
C10244,591968,13,4.54,2011-04-22 16:16,RED WOOLLY HOTTIE WHITE HEART
C10512,545339,180,5.23,2011-11-19 13:32,SET 7 BABUSHKA NESTING BOXES
C10401,521385,70,3.8,2011-08-26 17:32,CREAM CUPID HEARTS COAT HANGER
C10448,580284,181,2.15,2011-02-09 16:20,CHILDRENS CUTLERY CIRCUS PARADE
C10363,524046,57,2.95,2011-08-26 11:11,GLASS STAR FROSTED T-LIGHT HOLDER
C10417,533412,29,4.13,2010-12-12 12:35,KNITTED UNION FLAG HOT WATER BOTTLE
C10449,545944,92,4.89,2010-12-01 08:39,STRAWBERRY CERAMIC TRINKET BOX
C10386,564695,57,3.35,2011-08-15 10:48,PACK OF 20 SPACEBOY NAPKINS
C10492,530149,146,2.66,2011-06-30 13:08,LUNCH BAG BLACK SKULL
C10501,514047,134,4.35,2011-07-13 14:43,SAVE THE PLANET MUG
C10012,559695,5,2.55,2011-05-08 14:20,PACK OF 12 LONDON TISSUES
C10329,573691,33,2.54,2010-12-21 16:09,ZINC T-LIGHT HOLDER STARS SMALL
C10410,568117,49,2.02,2011-03-01 10:05,STRAWBERRY CERAMIC TRINKET BOX
C10517,560780,157,6.72,2011-10-18 14:04,PACK OF 12 LONDON TISSUES
C10317,544500,37,2.45,2011-08-16 17:24,KNITTED UNION FLAG HOT WATER BOTTLE
C10268,517329,46,2.87,2011-01-18 17:41,KNITTED UNION FLAG HOT WATER BOTTLE
C10205,565923,5,1.48,2011-07-25 08:10,ASSORTED COLOUR BIRD ORNAMENT
C10371,582002,46,3.32,2011-01-16 13:08,VICTORIAN GLASS HANGING T-LIGHT
C10439,562193,47,5.81,2011-06-30 14:17,BAKING SET 9 PIECE RETROSPOT
C10373,514903,63,3.72,2011-10-02 08:48,SAVE THE PLANET MUG
C10358,585055,11,3.74,2011-07-11 10:40,POPCORN HOLDER
C10502,553961,193,7.54,2011-01-26 17:41,PACK OF 20 SPACEBOY NAPKINS
C10392,544478,29,4.19,2011-09-13 10:51,CREAM CUPID HEARTS COAT HANGER
C10488,572828,228,4.24,2011-02-14 16:29,GLASS STAR FROSTED T-LIGHT HOLDER
C10441,591117,266,4.05,2011-06-17 17:07,RED HARMONIA NOTEBOOK
C10360,515863,54,1.67,2011-09-05 10:27,ASSORTED COLOUR BIRD ORNAMENT
C10487,595859,170,4.29,2011-11-30 15:35,HAND WARMER UNION JACK
C10397,512112,48,5.89,2011-01-28 08:11,WOODEN PICTURE FRAME WHITE FINISH
C10443,527346,184,4.26,2011-11-08 11:40,KNITTED UNION FLAG HOT WATER BOTTLE
C10418,599610,74,3.65,2011-10-09 11:10,WHITE METAL LANTERN
C10354,579550,11,3.81,2011-04-02 13:42,POPCORN HOLDER
C10373,514242,40,4.43,2011-01-09 13:38,PACK OF 20 SPACEBOY NAPKINS
C10356,580202,29,1.51,2011-01-14 09:05,VICTORIAN GLASS HANGING T-LIGHT
C10404,553684,26,5.04,2011-04-13 08:17,SET 7 BABUSHKA NESTING BOXES
C10203,528322,8,1.61,2011-05-03 12:52,PACK OF 12 LONDON TISSUES
C10016,525906,2,2.89,2011-07-06 11:11,RECYCLED ACRYLIC DROP EARRINGS
C10244,552287,12,1.9,2011-02-27 16:07,RED WOOLLY HOTTIE WHITE HEART
C10481,536262,130,5.5,2011-10-25 08:14,PACK OF 12 LONDON TISSUES
C10385,586435,60,5.87,2011-06-19 14:06,GLASS STAR FROSTED T-LIGHT HOLDER
C10172,528388,10,1.66,2011-08-07 16:44,LUNCH BAG RED RETROSPOT
C10403,547653,43,2.14,2011-05-03 11:56,CHILDRENS APRON DOLLY GIRL
C10529,586717,185,4.95,2011-05-30 13:14,GLASS STAR FROSTED T-LIGHT HOLDER
C10461,514257,110,3.91,2011-01-19 17:33,CREAM CUPID HEARTS COAT HANGER
C10122,581197,3,2.93,2011-11-26 15:20,HAND WARMER RED POLKA DOT
C10453,548202,213,1.99,2011-10-04 08:26,LUNCH BAG PINK POLKADOT
C10525,537319,58,5.03,2011-12-03 11:39,RED WOOLLY HOTTIE WHITE HEART
C10518,536429,65,8.5,2011-05-04 10:08,CHILDRENS CUTLERY CIRCUS PARADE
C10498,583004,190,5.18,2011-11-19 17:43,JUMBO BAG RED RETROSPOT
C10284,541031,46,3.37,2011-06-15 13:53,WOODEN PICTURE FRAME WHITE FINISH
C10506,579716,91,6.17,2011-11-05 12:39,CREAM CUPID HEARTS COAT HANGER
C10523,542281,91,4.27,2011-02-27 10:22,CHILDRENS CUTLERY CIRCUS PARADE
C10473,529207,212,4.56,2011-04-01 15:13,HAND WARMER RED POLKA DOT
C10494,567571,98,3.57,2011-09-08 08:59,ASSORTED COLOUR BIRD ORNAMENT
C10309,542455,13,4.06,2011-02-19 16:03,WOODEN PICTURE FRAME WHITE FINISH
C10487,518817,95,4.66,2011-12-09 09:58,HAND WARMER UNION JACK
C10280,550913,29,1.35,2010-12-19 15:24,CHILDRENS CUTLERY CIRCUS PARADE
C10387,515367,52,1.72,2011-04-28 17:35,JUMBO BAG RED RETROSPOT
C10504,558929,83,4.26,2011-02-27 11:47,GLASS STAR FROSTED T-LIGHT HOLDER
C10326,592786,46,1.5,2011-01-13 13:20,MINI PAINT SET VINTAGE
C10474,570015,240,3.57,2011-05-17 17:25,VICTORIAN GLASS HANGING T-LIGHT
C10516,580657,85,6.74,2011-06-17 08:34,SAVE THE PLANET MUG
C10408,560532,65,3.29,2011-09-30 17:17,POPCORN HOLDER
C10446,560350,210,4.99,2011-05-24 13:51,CHILDRENS APRON DOLLY GIRL
C10357,519414,58,2.91,2011-02-17 11:54,JUMBO BAG RED RETROSPOT
C10051,541566,8,3.05,2011-01-10 17:55,PACK OF 12 LONDON TISSUES
C10389,525966,65,1.89,2011-03-15 16:09,POPCORN HOLDER
C10327,565410,59,2.54,2010-12-15 16:37,BAKING SET 9 PIECE RETROSPOT
C10452,568471,127,4.07,2011-07-13 15:23,SET 7 BABUSHKA NESTING BOXES
C10520,565423,144,7.13,2011-01-30 12:58,WHITE METAL LANTERN
C10461,519751,167,4.86,2011-06-09 13:26,CREAM CUPID HEARTS COAT HANGER
C10503,530052,199,8.26,2011-06-01 09:08,WHITE METAL LANTERN
C10347,536442,13,4.53,2010-12-27 17:00,BAKING SET 9 PIECE RETROSPOT
C10393,587151,45,2.66,2011-09-15 17:44,CREAM CUPID HEARTS COAT HANGER
C10379,596410,63,5.0,2011-02-27 14:57,SET OF 4 PANTRY JELLY MOULDS
C10500,515902,120,7.24,2011-06-18 11:53,POPCORN HOLDER
C10514,548421,107,7.06,2011-06-28 16:37,JUMBO BAG RED RETROSPOT
C10318,529405,41,1.73,2011-01-29 15:02,WOODEN PICTURE FRAME WHITE FINISH
C10283,557086,45,4.74,2011-10-12 17:28,LUNCH BAG PINK POLKADOT
C10158,549469,10,1.08,2011-06-30 14:49,HAND WARMER RED POLKA DOT
C10514,533735,53,3.36,2011-07-18 10:03,CHILDRENS APRON DOLLY GIRL
C10510,539423,66,8.42,2011-09-26 12:10,SET OF 4 PANTRY JELLY MOULDS
C10448,544123,165,2.08,2011-03-30 10:55,ASSORTED COLOUR BIRD ORNAMENT
C10387,575797,51,5.07,2011-11-14 10:33,ZINC T-LIGHT HOLDER STARS SMALL
C10139,552030,11,3.43,2011-04-28 11:52,MINI PAINT SET VINTAGE
C10337,583328,13,2.26,2011-05-09 17:27,POPCORN HOLDER
C10454,510415,136,2.44,2011-08-01 14:24,HAND WARMER UNION JACK
C10360,580005,60,2.5,2010-12-18 09:07,WOODEN PICTURE FRAME WHITE FINISH
C10119,559832,11,3.44,2010-12-27 17:30,SAVE THE PLANET MUG
C10520,534341,185,2.6,2011-09-08 09:05,GLASS STAR FROSTED T-LIGHT HOLDER
C10480,521190,264,4.32,2011-06-21 16:08,HAND WARMER RED POLKA DOT
C10525,542192,71,5.95,2010-12-01 12:58,RED WOOLLY HOTTIE WHITE HEART
C10503,534968,125,7.84,2011-01-02 10:46,PACK OF 20 SPACEBOY NAPKINS
C10449,524756,201,1.99,2011-10-05 10:58,STRAWBERRY CERAMIC TRINKET BOX
C10484,576983,145,2.62,2011-10-06 14:44,ASSORTED COLOUR BIRD ORNAMENT
C10286,560222,58,5.47,2011-10-12 12:17,ASSORTED COLOUR BIRD ORNAMENT
C10530,553189,125,7.95,2010-12-18 12:46,KNITTED UNION FLAG HOT WATER BOTTLE
C10249,511388,35,2.8,2011-09-24 17:25,PACK OF 20 SPACEBOY NAPKINS
C10449,583823,149,1.35,2011-10-17 11:36,STRAWBERRY CERAMIC TRINKET BOX
C10442,537919,270,1.89,2010-12-28 13:54,WHITE HANGING HEART T-LIGHT HOLDER
C10445,589537,138,2.06,2011-12-08 13:28,LUNCH BAG RED RETROSPOT
C10132,578202,4,2.32,2011-09-15 09:03,ZINC T-LIGHT HOLDER STARS SMALL
C10438,534340,27,3.64,2011-05-14 16:30,LUNCH BAG RED RETROSPOT
C10506,550054,149,4.36,2011-05-11 17:25,CREAM CUPID HEARTS COAT HANGER
C10423,589522,46,2.87,2011-05-31 13:28,CHILDRENS APRON DOLLY GIRL
C10392,547997,57,1.75,2011-03-05 16:31,VICTORIAN GLASS HANGING T-LIGHT
C10365,565846,44,2.61,2011-01-22 16:39,RECYCLED ACRYLIC DROP EARRINGS
C10260,510946,48,2.23,2011-11-05 13:55,PACK OF 20 SPACEBOY NAPKINS
C10478,534398,224,4.04,2010-12-13 16:10,ZINC T-LIGHT HOLDER STARS SMALL
C10268,539716,17,4.95,2011-04-11 12:05,BAKING SET 9 PIECE RETROSPOT
C10342,534685,14,3.52,2011-12-06 11:30,RED HARMONIA NOTEBOOK
C10441,556260,112,4.82,2011-02-17 15:34,RED HARMONIA NOTEBOOK
C10345,513501,42,1.44,2011-10-18 16:18,BAKING SET 9 PIECE RETROSPOT
C10450,524129,283,5.37,2011-09-15 14:35,LUNCH BAG PINK POLKADOT
C10465,540382,212,2.01,2011-11-18 09:53,KNITTED UNION FLAG HOT WATER BOTTLE
C10280,535237,23,2.61,2010-12-23 17:55,CREAM CUPID HEARTS COAT HANGER
C10516,575640,58,5.69,2011-09-24 16:49,SAVE THE PLANET MUG
C10262,542396,59,5.39,2011-01-11 10:03,KNITTED UNION FLAG HOT WATER BOTTLE
C10412,517051,31,4.54,2011-06-23 15:53,CHILDRENS APRON DOLLY GIRL
C10419,577051,66,4.77,2010-12-17 14:55,SAVE THE PLANET MUG
C10273,515482,37,2.97,2011-11-30 13:11,SET OF 4 PANTRY JELLY MOULDS
C10150,563218,8,1.7,2011-04-03 11:39,POPCORN HOLDER
C10009,596511,5,2.06,2011-07-24 13:19,CHILDRENS APRON DOLLY GIRL
C10509,534148,158,7.11,2011-01-30 16:30,CHILDRENS CUTLERY CIRCUS PARADE
C10315,544099,49,3.07,2011-06-20 14:53,JAM MAKING SET WITH JARS
C10497,566555,59,5.15,2011-01-11 11:07,PACK OF 12 LONDON TISSUES
C10364,512772,29,5.82,2011-07-29 14:23,POPCORN HOLDER
C10458,535198,90,3.86,2011-05-20 13:07,WHITE METAL LANTERN
C10336,562649,28,4.86,2011-04-01 09:49,LUNCH BAG PINK POLKADOT
C10472,544445,214,4.12,2011-06-19 10:03,MINI PAINT SET VINTAGE
C10509,552763,107,6.1,2011-06-02 14:18,GLASS STAR FROSTED T-LIGHT HOLDER
C10505,557014,93,3.46,2011-09-27 17:39,SET 7 BABUSHKA NESTING BOXES
C10483,576150,251,3.05,2011-09-06 09:15,LUNCH BAG BLACK SKULL
C10153,561007,23,1.25,2011-09-27 10:48,RED WOOLLY HOTTIE WHITE HEART
C10481,524179,231,1.38,2011-01-30 16:07,RED WOOLLY HOTTIE WHITE HEART
C10451,598505,112,3.77,2011-07-31 14:48,LUNCH BAG BLACK SKULL
C10464,522252,195,5.05,2011-08-12 16:00,CHILDRENS APRON DOLLY GIRL
C10521,543734,165,5.07,2011-03-17 16:58,HAND WARMER UNION JACK
C10508,524751,179,7.58,2011-05-16 11:38,KNITTED UNION FLAG HOT WATER BOTTLE
C10207,557069,17,2.14,2011-07-03 11:41,ASSORTED COLOUR BIRD ORNAMENT
C10242,531094,22,2.38,2011-10-29 10:32,WOODEN PICTURE FRAME WHITE FINISH
C10208,571824,13,0.95,2011-09-16 16:20,CHILDRENS CUTLERY CIRCUS PARADE
C10383,531521,23,2.86,2011-11-04 15:17,SET OF 4 PANTRY JELLY MOULDS
C10318,525989,53,5.42,2011-11-27 15:27,CHILDRENS APRON DOLLY GIRL
C10510,565218,81,5.68,2011-01-04 08:21,SAVE THE PLANET MUG
C10298,561207,39,1.62,2011-02-01 15:45,KNITTED UNION FLAG HOT WATER BOTTLE
C10243,568073,49,4.94,2011-09-04 08:22,PACK OF 20 SPACEBOY NAPKINS
C10240,563636,20,3.34,2011-10-31 08:06,GLASS STAR FROSTED T-LIGHT HOLDER
C10512,536835,132,6.31,2011-05-14 14:05,SET 7 BABUSHKA NESTING BOXES
C10340,551552,33,4.67,2011-10-23 17:41,LUNCH BAG PINK POLKADOT
C10495,553845,152,5.06,2011-04-10 10:37,ZINC T-LIGHT HOLDER STARS SMALL
C10403,548720,60,4.01,2011-04-29 15:31,SET 7 BABUSHKA NESTING BOXES
C10250,567658,42,5.0,2011-07-21 08:02,GLASS STAR FROSTED T-LIGHT HOLDER
C10288,538419,52,5.05,2011-11-12 10:20,CREAM CUPID HEARTS COAT HANGER
C10484,585218,80,3.39,2010-12-14 12:28,RED WOOLLY HOTTIE WHITE HEART
C10467,512714,184,2.51,2011-03-17 11:26,RED WOOLLY HOTTIE WHITE HEART
C10519,548382,123,5.75,2011-08-28 15:33,POPCORN HOLDER
C10030,572031,12,2.95,2011-01-17 12:14,WHITE HANGING HEART T-LIGHT HOLDER
C10518,542647,185,3.38,2010-12-28 12:46,CHILDRENS CUTLERY CIRCUS PARADE
C10506,532661,88,3.07,2010-12-21 08:17,CREAM CUPID HEARTS COAT HANGER
C10473,562793,264,3.96,2011-03-04 09:40,HAND WARMER RED POLKA DOT
C10465,568859,249,3.66,2011-02-23 08:47,LUNCH BAG BLACK SKULL
C10071,584228,4,3.67,2011-05-23 13:00,HAND WARMER UNION JACK
C10408,510032,33,2.37,2011-04-23 10:16,VICTORIAN GLASS HANGING T-LIGHT
C10443,545426,89,4.2,2011-09-19 10:28,LUNCH BAG BLACK SKULL
C10467,515546,273,2.49,2011-07-29 08:26,RED WOOLLY HOTTIE WHITE HEART
C10510,576326,59,5.58,2011-03-28 13:40,PACK OF 12 LONDON TISSUES
C10159,542321,7,1.45,2011-02-24 14:17,ASSORTED COLOUR BIRD ORNAMENT
C10467,561142,198,4.96,2011-06-12 11:33,WHITE METAL LANTERN
C10331,533659,11,2.69,2010-12-24 15:55,CHILDRENS CUTLERY CIRCUS PARADE
C10453,535145,169,5.38,2011-07-10 08:55,PACK OF 12 LONDON TISSUES
C10461,517197,89,4.9,2011-03-07 08:36,CREAM CUPID HEARTS COAT HANGER
C10434,585269,43,3.67,2011-03-31 13:34,VICTORIAN GLASS HANGING T-LIGHT
C10460,525917,99,5.43,2011-06-18 16:46,PACK OF 20 SPACEBOY NAPKINS
C10464,563976,289,5.47,2011-10-11 17:51,CHILDRENS APRON DOLLY GIRL
C10295,555033,36,1.98,2011-06-17 13:08,GLASS STAR FROSTED T-LIGHT HOLDER
C10448,515460,132,2.04,2011-06-03 13:21,ASSORTED COLOUR BIRD ORNAMENT
C10214,590134,10,1.84,2011-12-09 08:44,SAVE THE PLANET MUG
C10289,566525,16,1.86,2011-07-07 13:16,ZINC T-LIGHT HOLDER STARS SMALL
C10464,592458,282,3.79,2011-09-17 09:15,ZINC T-LIGHT HOLDER STARS SMALL
C10479,579357,265,2.71,2011-11-17 15:33,KNITTED UNION FLAG HOT WATER BOTTLE
C10435,516943,15,5.87,2011-03-21 15:19,PACK OF 20 SPACEBOY NAPKINS
C10466,521624,168,3.96,2011-10-07 16:56,MINI PAINT SET VINTAGE
C10352,520531,47,5.39,2011-07-06 11:15,KNITTED UNION FLAG HOT WATER BOTTLE
C10325,515501,16,4.75,2010-12-26 15:51,WOODEN PICTURE FRAME WHITE FINISH
C10417,568911,51,5.24,2011-09-02 10:24,KNITTED UNION FLAG HOT WATER BOTTLE
C10461,582299,201,3.35,2010-12-22 08:28,CREAM CUPID HEARTS COAT HANGER
C10333,574091,36,3.61,2011-08-04 12:38,CHILDRENS CUTLERY CIRCUS PARADE
C10506,562620,187,5.5,2011-03-03 08:27,CHILDRENS CUTLERY CIRCUS PARADE
C10400,534045,76,4.7,2011-07-05 13:08,MINI PAINT SET VINTAGE
C10511,598255,131,3.67,2011-08-24 10:33,WHITE HANGING HEART T-LIGHT HOLDER
C10395,596560,70,3.97,2011-06-09 10:02,SET 7 BABUSHKA NESTING BOXES
C10477,594298,264,5.29,2011-01-30 09:51,ZINC T-LIGHT HOLDER STARS SMALL
C10373,573413,20,4.1,2011-04-18 09:06,RED WOOLLY HOTTIE WHITE HEART
C10484,528017,90,4.99,2011-02-17 16:21,LUNCH BAG RED RETROSPOT
C10444,598625,200,2.47,2011-02-04 09:15,PACK OF 12 LONDON TISSUES
C10278,537297,45,3.53,2011-08-17 16:20,WHITE METAL LANTERN
C10499,555084,174,7.2,2011-02-23 08:12,JAM MAKING SET WITH JARS
C10311,547623,36,2.38,2011-03-06 17:31,LUNCH BAG RED RETROSPOT
C10499,577908,139,6.76,2010-12-24 13:52,STRAWBERRY CERAMIC TRINKET BOX
C10029,563271,3,2.1,2010-12-06 16:12,SET OF 4 PANTRY JELLY MOULDS
C10260,579964,43,3.97,2011-02-26 08:02,MINI PAINT SET VINTAGE
C10409,546038,49,1.8,2011-07-12 16:28,HAND WARMER UNION JACK
C10005,546265,12,2.56,2011-11-17 12:32,HAND WARMER RED POLKA DOT
C10460,542190,100,2.65,2011-01-29 11:59,CREAM CUPID HEARTS COAT HANGER
C10379,557369,26,1.99,2011-09-10 10:20,RED WOOLLY HOTTIE WHITE HEART
C10514,549988,54,6.0,2011-07-25 11:39,MINI PAINT SET VINTAGE
C10404,573556,79,3.38,2011-09-20 10:34,HAND WARMER UNION JACK
C10420,573602,62,3.29,2011-04-30 10:47,GLASS STAR FROSTED T-LIGHT HOLDER
C10408,525374,56,2.97,2011-09-15 09:08,SET 7 BABUSHKA NESTING BOXES
C10264,557720,11,3.88,2011-07-19 12:52,HAND WARMER RED POLKA DOT
C10493,560842,279,3.41,2011-03-27 14:58,GLASS STAR FROSTED T-LIGHT HOLDER
C10377,560012,35,4.01,2011-09-23 09:02,LUNCH BAG BLACK SKULL
C10428,597557,73,4.54,2011-06-22 13:00,VICTORIAN GLASS HANGING T-LIGHT
C10411,514121,42,3.68,2011-05-11 14:14,BAKING SET 9 PIECE RETROSPOT
C10480,517053,116,5.46,2011-05-26 10:49,HAND WARMER RED POLKA DOT
C10487,568648,129,1.91,2011-07-09 13:44,MINI PAINT SET VINTAGE
C10525,546829,59,4.42,2011-02-26 15:02,RED WOOLLY HOTTIE WHITE HEART
C10326,590006,27,5.08,2011-06-28 15:54,RECYCLED ACRYLIC DROP EARRINGS
C10440,542214,71,1.95,2011-04-08 10:22,RECYCLED ACRYLIC DROP EARRINGS
C10515,511275,87,6.79,2011-07-09 16:56,PACK OF 12 LONDON TISSUES
C10110,517852,6,2.63,2011-10-25 12:30,LUNCH BAG PINK POLKADOT
C10341,581188,58,4.29,2011-06-02 09:18,LUNCH BAG BLACK SKULL
C10428,573878,47,3.13,2011-05-17 14:23,RECYCLED ACRYLIC DROP EARRINGS
C10506,573648,78,4.19,2011-11-08 16:21,CREAM CUPID HEARTS COAT HANGER
C10077,520011,7,3.45,2011-06-24 16:05,CHILDRENS APRON DOLLY GIRL
C10174,581186,23,1.04,2011-09-02 12:10,HAND WARMER RED POLKA DOT
C10336,566602,29,3.85,2011-01-18 15:37,LUNCH BAG PINK POLKADOT
C10510,541410,67,6.63,2011-02-11 12:28,RECYCLED ACRYLIC DROP EARRINGS
C10511,579813,52,3.99,2011-09-03 11:40,GLASS STAR FROSTED T-LIGHT HOLDER
C10345,570542,50,4.2,2011-11-07 09:44,HAND WARMER UNION JACK
C10442,571972,114,4.99,2011-11-14 17:49,WHITE HANGING HEART T-LIGHT HOLDER
C10512,565010,117,3.36,2011-07-14 09:13,LUNCH BAG BLACK SKULL
C10265,578089,14,5.26,2011-11-03 09:02,POPCORN HOLDER
C10351,559054,42,4.35,2011-03-08 08:00,LUNCH BAG BLACK SKULL
C10472,563955,115,4.34,2010-12-09 15:28,BAKING SET 9 PIECE RETROSPOT
C10362,527881,69,4.6,2011-09-30 10:16,CHILDRENS CUTLERY CIRCUS PARADE
C10071,592991,3,1.85,2011-11-25 12:58,HAND WARMER UNION JACK
C10519,525518,161,6.22,2011-04-26 16:00,MINI PAINT SET VINTAGE
C10307,594388,27,4.46,2011-11-10 09:25,PACK OF 12 LONDON TISSUES
C10507,595745,187,5.64,2011-10-30 10:32,RECYCLED ACRYLIC DROP EARRINGS
C10375,562028,28,5.64,2011-04-05 16:00,MINI PAINT SET VINTAGE
C10520,549546,125,7.43,2011-09-15 15:32,SAVE THE PLANET MUG
C10288,517455,11,3.88,2011-11-11 11:46,CREAM CUPID HEARTS COAT HANGER
C10008,563964,7,3.46,2011-02-22 10:56,CHILDRENS APRON DOLLY GIRL
C10415,578623,46,5.65,2011-06-08 12:27,CREAM CUPID HEARTS COAT HANGER
C10058,525292,6,3.12,2011-10-14 16:20,PACK OF 12 LONDON TISSUES
C10524,543341,110,6.75,2011-03-08 10:45,LUNCH BAG PINK POLKADOT
C10342,565799,31,2.21,2011-03-30 16:37,JAM MAKING SET WITH JARS
C10394,556787,78,4.72,2011-04-05 12:08,CHILDRENS APRON DOLLY GIRL
C10526,594874,62,4.33,2011-03-26 14:53,ASSORTED COLOUR BIRD ORNAMENT
C10070,594239,11,3.03,2011-04-22 17:14,RECYCLED ACRYLIC DROP EARRINGS
C10443,577185,165,2.81,2011-09-29 14:10,LUNCH BAG BLACK SKULL
C10401,584863,41,2.88,2011-06-15 13:48,VICTORIAN GLASS HANGING T-LIGHT
C10155,599088,17,1.56,2011-03-27 13:35,STRAWBERRY CERAMIC TRINKET BOX
C10522,514261,106,8.25,2011-01-06 15:29,CHILDRENS CUTLERY CIRCUS PARADE
C10295,574122,36,4.89,2011-07-23 11:40,GLASS STAR FROSTED T-LIGHT HOLDER
C10426,565052,15,3.3,2011-02-02 09:11,SAVE THE PLANET MUG
C10511,520736,187,3.18,2011-04-27 10:41,WOODEN PICTURE FRAME WHITE FINISH
C10418,514048,31,2.92,2011-09-18 15:43,VICTORIAN GLASS HANGING T-LIGHT
C10438,539933,37,5.94,2011-11-16 08:33,RED HARMONIA NOTEBOOK
C10241,526827,21,4.35,2011-06-20 11:29,SET OF 4 PANTRY JELLY MOULDS
C10254,521818,57,4.24,2011-10-03 16:33,LUNCH BAG PINK POLKADOT
C10474,567208,299,3.9,2011-10-03 12:32,JAM MAKING SET WITH JARS
C10500,540974,175,4.15,2011-03-04 09:54,RED HARMONIA NOTEBOOK
C10275,577065,43,4.26,2011-05-15 10:45,LUNCH BAG BLACK SKULL
C10256,544039,30,2.79,2011-08-04 13:39,GLASS STAR FROSTED T-LIGHT HOLDER
C10487,577378,174,5.43,2010-12-07 12:28,CHILDRENS APRON DOLLY GIRL
C10293,510946,41,1.59,2011-01-21 17:24,JUMBO BAG RED RETROSPOT
C10311,567164,41,3.63,2011-09-16 08:33,MINI PAINT SET VINTAGE
C10334,593681,10,2.08,2011-06-11 17:22,PACK OF 20 SPACEBOY NAPKINS
C10513,546313,86,3.37,2011-06-21 10:22,WOODEN PICTURE FRAME WHITE FINISH
C10008,524168,6,1.9,2011-06-30 08:11,CHILDRENS APRON DOLLY GIRL
C10061,526011,8,2.19,2011-06-07 16:57,PACK OF 12 LONDON TISSUES
C10509,593257,110,3.79,2011-02-21 14:56,KNITTED UNION FLAG HOT WATER BOTTLE
C10297,557918,13,1.72,2011-04-18 17:34,CHILDRENS APRON DOLLY GIRL
C10455,579986,289,4.58,2011-10-04 15:01,RED HARMONIA NOTEBOOK
C10284,514963,33,1.39,2011-08-07 14:08,SET 7 BABUSHKA NESTING BOXES
C10143,512009,7,2.26,2011-08-03 11:55,SET 7 BABUSHKA NESTING BOXES
C10473,563075,106,4.17,2011-08-31 09:59,SAVE THE PLANET MUG
C10470,542532,243,5.3,2011-03-30 13:39,CHILDRENS APRON DOLLY GIRL
C10491,571604,114,2.43,2011-03-01 10:09,WHITE METAL LANTERN
C10511,574446,112,6.16,2011-04-30 14:17,WOODEN PICTURE FRAME WHITE FINISH
C10412,588230,36,5.66,2011-06-02 12:10,LUNCH BAG PINK POLKADOT
C10356,548905,30,1.86,2011-06-07 10:54,VICTORIAN GLASS HANGING T-LIGHT
C10415,592958,31,4.81,2011-03-12 16:52,CREAM CUPID HEARTS COAT HANGER
C10118,572205,12,1.57,2011-05-03 15:52,VICTORIAN GLASS HANGING T-LIGHT
C10388,570461,68,5.83,2011-05-04 12:05,SET 7 BABUSHKA NESTING BOXES
C10240,596364,38,1.73,2011-07-16 17:28,CREAM CUPID HEARTS COAT HANGER
C10365,571873,56,2.57,2011-09-29 10:14,GLASS STAR FROSTED T-LIGHT HOLDER
C10491,583399,208,1.94,2011-04-23 09:38,PACK OF 20 SPACEBOY NAPKINS
C10325,576194,40,2.7,2011-10-09 17:50,WOODEN PICTURE FRAME WHITE FINISH
C10358,594488,21,2.88,2011-12-05 14:15,JAM MAKING SET WITH JARS
C10173,574451,20,1.53,2011-02-08 11:52,LUNCH BAG PINK POLKADOT
C10355,513830,15,1.7,2011-06-16 12:38,SET OF 4 PANTRY JELLY MOULDS
C10361,579660,24,2.83,2011-02-04 17:27,SET OF 4 PANTRY JELLY MOULDS
C10528,541471,84,7.54,2011-07-18 08:07,CHILDRENS APRON DOLLY GIRL
C10486,520363,179,1.37,2011-07-15 13:34,CHILDRENS CUTLERY CIRCUS PARADE
C10019,512560,11,3.87,2011-09-04 15:26,ASSORTED COLOUR BIRD ORNAMENT
C10522,592129,117,6.24,2011-09-25 11:13,CHILDRENS APRON DOLLY GIRL
C10508,561951,162,5.94,2011-01-18 10:20,KNITTED UNION FLAG HOT WATER BOTTLE
C10449,536825,116,2.37,2011-08-09 15:35,STRAWBERRY CERAMIC TRINKET BOX
C10465,524832,259,3.52,2011-11-07 12:12,WOODEN PICTURE FRAME WHITE FINISH
C10468,513457,215,3.28,2011-10-26 13:14,SET OF 4 PANTRY JELLY MOULDS
C10145,582523,4,1.54,2011-12-05 15:48,WHITE METAL LANTERN
C10483,597553,103,4.5,2011-08-21 15:52,SET OF 4 PANTRY JELLY MOULDS
C10439,524602,75,3.73,2011-11-19 08:26,JAM MAKING SET WITH JARS
C10341,599592,29,4.42,2011-01-30 09:23,ASSORTED COLOUR BIRD ORNAMENT
C10292,590691,41,3.78,2011-02-27 08:57,SAVE THE PLANET MUG
C10247,533770,26,2.08,2011-11-17 12:38,WOODEN PICTURE FRAME WHITE FINISH
C10338,541476,23,2.55,2011-10-16 11:15,LUNCH BAG PINK POLKADOT
C10331,552636,13,3.86,2011-11-27 17:28,PACK OF 12 LONDON TISSUES
C10446,517736,262,1.86,2011-11-18 10:23,KNITTED UNION FLAG HOT WATER BOTTLE
C10269,521743,53,5.18,2011-11-23 10:48,MINI PAINT SET VINTAGE
C10301,568402,32,2.74,2011-03-24 12:12,RED HARMONIA NOTEBOOK
C10277,513143,22,1.26,2011-11-27 12:27,VICTORIAN GLASS HANGING T-LIGHT
C10472,581393,182,1.71,2011-09-25 15:41,MINI PAINT SET VINTAGE
C10505,531785,168,2.62,2011-02-27 10:09,HAND WARMER UNION JACK
C10134,519046,10,3.99,2011-06-21 12:52,WHITE HANGING HEART T-LIGHT HOLDER
C10530,550285,51,4.36,2011-04-06 12:33,POPCORN HOLDER
C10491,512367,80,4.27,2010-12-24 13:27,STRAWBERRY CERAMIC TRINKET BOX
C10315,516525,54,4.87,2011-04-24 11:05,VICTORIAN GLASS HANGING T-LIGHT
C10505,551054,139,2.93,2011-04-08 13:11,CHILDRENS APRON DOLLY GIRL
C10461,549298,99,3.37,2011-06-18 14:06,CREAM CUPID HEARTS COAT HANGER
C10045,576550,8,2.35,2011-02-08 09:17,RED HARMONIA NOTEBOOK
C10273,569971,41,4.17,2011-11-17 08:22,WHITE HANGING HEART T-LIGHT HOLDER
C10508,575277,128,6.62,2011-02-16 14:24,HAND WARMER RED POLKA DOT
C10307,589058,32,3.27,2011-11-12 09:07,PACK OF 12 LONDON TISSUES
C10247,598773,50,1.86,2011-01-14 12:48,BAKING SET 9 PIECE RETROSPOT
C10096,536144,6,2.0,2011-11-16 15:44,PACK OF 20 SPACEBOY NAPKINS
C10249,587280,35,2.2,2010-12-19 16:16,PACK OF 20 SPACEBOY NAPKINS
C10481,540040,143,1.48,2011-04-08 15:27,RED WOOLLY HOTTIE WHITE HEART
C10364,553412,32,3.37,2011-02-17 14:07,WHITE HANGING HEART T-LIGHT HOLDER
C10451,515218,155,4.88,2011-11-13 15:02,HAND WARMER RED POLKA DOT
C10298,568177,40,2.72,2011-08-30 16:57,CREAM CUPID HEARTS COAT HANGER
C10259,547247,29,2.22,2011-09-27 16:28,HAND WARMER UNION JACK
C10496,530380,84,6.47,2011-06-06 17:06,KNITTED UNION FLAG HOT WATER BOTTLE
C10473,598964,102,5.47,2011-08-09 17:34,VICTORIAN GLASS HANGING T-LIGHT
C10522,568143,194,4.17,2010-12-10 11:51,CHILDRENS CUTLERY CIRCUS PARADE
C10428,557896,48,1.92,2011-09-19 15:30,MINI PAINT SET VINTAGE
C10413,562190,15,4.31,2011-11-17 14:44,ASSORTED COLOUR BIRD ORNAMENT
C10263,554357,15,4.17,2011-04-21 17:07,POPCORN HOLDER
C10319,521690,59,4.93,2011-05-16 17:08,VICTORIAN GLASS HANGING T-LIGHT
C10276,557210,39,4.43,2011-05-28 08:09,LUNCH BAG PINK POLKADOT
C10481,512284,260,2.09,2011-07-05 12:39,PACK OF 12 LONDON TISSUES
C10466,588688,219,4.7,2011-05-14 15:10,CHILDRENS APRON DOLLY GIRL
C10472,531414,106,1.58,2011-10-10 13:52,CHILDRENS APRON DOLLY GIRL
C10381,567043,68,4.62,2011-12-03 12:25,PACK OF 12 LONDON TISSUES
C10501,573738,56,7.15,2011-08-30 17:41,SAVE THE PLANET MUG
C10391,542831,23,1.92,2011-02-05 13:37,RED HARMONIA NOTEBOOK
C10500,532874,106,7.15,2011-04-14 10:09,POPCORN HOLDER
C10308,533182,39,1.4,2011-08-08 15:14,HAND WARMER UNION JACK
C10355,553620,56,3.34,2011-12-02 16:02,LUNCH BAG PINK POLKADOT
C10245,595105,45,4.75,2011-01-17 13:14,RED WOOLLY HOTTIE WHITE HEART
C10458,520863,231,2.85,2011-02-20 17:20,CHILDRENS APRON DOLLY GIRL
C10276,516426,31,5.16,2011-03-17 08:11,CHILDRENS APRON DOLLY GIRL
C10524,575761,89,8.32,2011-03-04 17:49,ASSORTED COLOUR BIRD ORNAMENT
C10320,558265,15,4.47,2011-06-07 16:12,KNITTED UNION FLAG HOT WATER BOTTLE
C10516,545826,114,4.2,2011-04-05 08:03,PACK OF 12 LONDON TISSUES
C10396,542835,61,2.82,2011-08-23 12:10,RECYCLED ACRYLIC DROP EARRINGS
C10459,541460,90,5.01,2011-04-02 15:27,RED HARMONIA NOTEBOOK
C10290,517234,53,2.54,2011-08-21 15:30,BAKING SET 9 PIECE RETROSPOT
C10244,551662,32,1.56,2011-11-15 09:11,LUNCH BAG BLACK SKULL
C10488,510276,127,2.23,2011-12-04 16:32,RED HARMONIA NOTEBOOK
C10292,565864,14,4.67,2011-05-07 09:29,LUNCH BAG PINK POLKADOT
C10431,585149,71,5.36,2011-10-05 09:37,WHITE METAL LANTERN
C10493,591393,242,1.35,2011-06-03 15:39,CHILDRENS CUTLERY CIRCUS PARADE
C10468,517594,282,2.72,2011-08-27 15:46,CHILDRENS CUTLERY CIRCUS PARADE
C10495,597954,295,2.27,2011-09-20 10:14,CHILDRENS APRON DOLLY GIRL
C10491,546699,163,5.02,2011-04-30 13:31,JAM MAKING SET WITH JARS
C10250,525509,48,4.3,2011-11-08 11:33,RECYCLED ACRYLIC DROP EARRINGS
C10278,594626,40,4.64,2010-12-06 11:44,CREAM CUPID HEARTS COAT HANGER
C10294,552746,24,4.56,2011-10-13 13:55,MINI PAINT SET VINTAGE
C10309,532253,29,1.74,2011-06-19 12:31,PACK OF 12 LONDON TISSUES
C10436,568340,37,3.86,2011-10-07 08:35,PACK OF 12 LONDON TISSUES
C10410,587483,26,2.46,2011-11-10 13:57,STRAWBERRY CERAMIC TRINKET BOX
C10374,533486,60,2.04,2011-07-09 08:57,JAM MAKING SET WITH JARS
C10468,558222,254,2.16,2011-08-27 12:37,SET OF 4 PANTRY JELLY MOULDS
C10053,548696,11,2.24,2011-06-14 17:22,SET 7 BABUSHKA NESTING BOXES
C10262,571974,52,5.42,2011-04-16 14:04,CHILDRENS APRON DOLLY GIRL
C10500,595462,53,2.93,2011-12-03 10:11,POPCORN HOLDER
C10458,577487,244,4.55,2011-08-09 14:37,CHILDRENS APRON DOLLY GIRL
C10519,556728,163,6.59,2011-03-27 08:28,LUNCH BAG BLACK SKULL
C10479,522120,169,4.07,2011-01-01 08:12,KNITTED UNION FLAG HOT WATER BOTTLE
C10514,532500,58,6.43,2010-12-16 08:21,JUMBO BAG RED RETROSPOT
C10310,549309,29,3.39,2011-11-11 11:21,CREAM CUPID HEARTS COAT HANGER
C10516,513928,121,4.98,2011-01-13 13:05,LUNCH BAG PINK POLKADOT
C10453,596391,233,3.05,2011-07-26 13:19,ASSORTED COLOUR BIRD ORNAMENT
C10182,550043,6,1.5,2011-10-29 12:10,BAKING SET 9 PIECE RETROSPOT
C10429,557534,21,5.13,2010-12-09 11:46,PACK OF 20 SPACEBOY NAPKINS
C10430,546158,50,5.31,2011-09-26 10:13,GLASS STAR FROSTED T-LIGHT HOLDER
C10492,521546,185,4.8,2011-05-09 16:45,LUNCH BAG BLACK SKULL
C10310,544754,44,2.16,2011-07-12 11:31,RED HARMONIA NOTEBOOK
C10275,543175,10,3.9,2011-11-30 11:56,PACK OF 20 SPACEBOY NAPKINS
C10101,568972,11,1.88,2011-10-08 15:02,JAM MAKING SET WITH JARS
C10426,518019,75,4.97,2011-08-17 17:46,PACK OF 20 SPACEBOY NAPKINS
C10490,557721,280,3.86,2011-06-17 17:29,WHITE METAL LANTERN
C10381,534368,56,3.52,2011-02-24 08:32,PACK OF 12 LONDON TISSUES
C10517,534021,167,6.51,2011-09-16 08:18,LUNCH BAG RED RETROSPOT
C10454,585974,251,2.56,2011-08-08 17:06,PACK OF 20 SPACEBOY NAPKINS
C10513,538192,119,3.1,2011-03-24 11:13,LUNCH BAG BLACK SKULL
C10511,531879,196,6.28,2011-05-18 17:33,LUNCH BAG PINK POLKADOT
C10457,542151,286,3.77,2011-08-22 17:07,CHILDRENS CUTLERY CIRCUS PARADE
C10486,559972,284,2.97,2010-12-25 12:58,CHILDRENS CUTLERY CIRCUS PARADE
C10475,585424,167,2.9,2011-04-23 16:11,CREAM CUPID HEARTS COAT HANGER
C10322,568918,40,1.33,2011-11-20 14:55,SET 7 BABUSHKA NESTING BOXES
C10507,591417,113,7.12,2011-11-18 10:45,PACK OF 20 SPACEBOY NAPKINS
C10469,544574,133,5.43,2011-07-11 08:33,GLASS STAR FROSTED T-LIGHT HOLDER
C10497,594832,138,2.55,2011-02-20 17:47,SET OF 4 PANTRY JELLY MOULDS
C10356,585617,30,5.3,2011-01-03 13:24,CHILDRENS CUTLERY CIRCUS PARADE
C10281,597932,22,4.28,2010-12-26 10:01,LUNCH BAG BLACK SKULL
C10305,584741,49,2.28,2011-04-09 08:04,CHILDRENS APRON DOLLY GIRL
C10456,528329,231,4.61,2011-06-27 10:32,SET OF 4 PANTRY JELLY MOULDS
C10503,524127,154,3.75,2011-03-08 13:37,LUNCH BAG PINK POLKADOT
C10513,594631,53,4.09,2011-12-03 08:38,BAKING SET 9 PIECE RETROSPOT
C10508,586582,147,4.26,2011-06-15 10:39,WOODEN PICTURE FRAME WHITE FINISH
C10409,575902,62,5.63,2011-07-11 13:11,ASSORTED COLOUR BIRD ORNAMENT
C10293,575521,48,2.02,2011-07-01 10:44,RECYCLED ACRYLIC DROP EARRINGS
C10463,517810,95,4.57,2011-03-18 09:53,PACK OF 20 SPACEBOY NAPKINS
C10396,515060,58,4.13,2011-07-07 08:51,CREAM CUPID HEARTS COAT HANGER
C10524,537390,197,3.69,2011-04-17 09:36,CHILDRENS CUTLERY CIRCUS PARADE
C10343,577964,39,1.49,2010-12-14 10:12,CREAM CUPID HEARTS COAT HANGER
C10411,571242,38,3.72,2011-09-23 13:22,JUMBO BAG RED RETROSPOT
C10392,518906,64,4.71,2011-03-08 11:36,LUNCH BAG RED RETROSPOT
C10450,537426,273,2.98,2011-11-25 15:50,LUNCH BAG PINK POLKADOT
C10461,547375,85,1.36,2011-07-23 14:20,CREAM CUPID HEARTS COAT HANGER
C10478,530341,163,2.02,2010-12-28 16:55,WOODEN PICTURE FRAME WHITE FINISH
C10449,512935,151,3.02,2011-05-17 15:25,STRAWBERRY CERAMIC TRINKET BOX
C10479,590226,210,2.07,2011-02-22 11:55,WHITE METAL LANTERN
C10516,528058,179,3.41,2011-07-11 09:56,JAM MAKING SET WITH JARS
C10501,585025,177,4.91,2011-11-04 09:09,SAVE THE PLANET MUG
C10460,554839,96,1.94,2011-10-04 08:31,LUNCH BAG RED RETROSPOT
C10238,531860,51,5.02,2011-02-28 08:54,SAVE THE PLANET MUG
C10423,531026,28,1.97,2011-05-06 13:46,LUNCH BAG PINK POLKADOT
C10519,523229,108,2.78,2011-11-19 16:07,KNITTED UNION FLAG HOT WATER BOTTLE
C10354,596360,38,3.88,2011-05-22 17:27,POPCORN HOLDER
C10112,560351,2,2.23,2011-02-01 12:28,LUNCH BAG BLACK SKULL
C10464,539829,216,2.67,2011-02-15 08:20,PACK OF 12 LONDON TISSUES
C10426,521069,44,6.0,2011-05-12 14:12,SET 7 BABUSHKA NESTING BOXES
C10492,519269,134,5.08,2011-05-17 12:14,LUNCH BAG BLACK SKULL
C10354,515997,50,2.78,2011-08-06 15:48,POPCORN HOLDER
C10488,543113,271,5.34,2011-04-22 12:16,PACK OF 20 SPACEBOY NAPKINS
C10199,576247,7,1.81,2011-02-11 12:05,LUNCH BAG PINK POLKADOT
C10293,587821,15,4.25,2011-02-19 08:56,VICTORIAN GLASS HANGING T-LIGHT
C10377,512122,62,5.19,2011-02-14 15:55,LUNCH BAG BLACK SKULL
C10500,566963,54,4.02,2011-11-30 16:01,RED HARMONIA NOTEBOOK
C10323,512492,55,1.51,2011-06-19 08:21,PACK OF 20 SPACEBOY NAPKINS
C10381,560540,44,4.09,2011-07-17 14:38,PACK OF 12 LONDON TISSUES
C10496,527259,121,6.43,2011-07-16 09:05,LUNCH BAG BLACK SKULL
C10116,515100,10,1.6,2011-06-20 13:50,POPCORN HOLDER
C10323,512727,38,4.21,2011-09-10 12:02,HAND WARMER RED POLKA DOT
C10459,576188,299,4.38,2011-09-27 12:59,MINI PAINT SET VINTAGE
C10415,580121,46,2.41,2010-12-26 17:43,CREAM CUPID HEARTS COAT HANGER
C10348,546497,24,1.53,2011-01-24 13:20,PACK OF 20 SPACEBOY NAPKINS
C10358,532608,54,3.78,2010-12-18 09:15,JAM MAKING SET WITH JARS
C10465,540112,112,5.08,2011-11-04 15:14,ZINC T-LIGHT HOLDER STARS SMALL
C10311,540950,26,4.17,2011-03-13 13:29,MINI PAINT SET VINTAGE
C10524,578126,160,4.15,2011-06-09 12:10,LUNCH BAG PINK POLKADOT
C10154,588067,24,2.12,2011-05-27 08:06,SAVE THE PLANET MUG
C10343,528702,27,2.11,2011-11-18 17:31,VICTORIAN GLASS HANGING T-LIGHT
C10527,543877,98,2.51,2011-06-26 15:44,VICTORIAN GLASS HANGING T-LIGHT
C10272,578656,18,2.56,2011-04-03 17:09,STRAWBERRY CERAMIC TRINKET BOX
C10241,545860,54,4.49,2011-08-13 08:33,CHILDRENS CUTLERY CIRCUS PARADE
C10380,535304,80,5.77,2011-09-17 17:54,STRAWBERRY CERAMIC TRINKET BOX
C10127,570150,7,1.91,2011-10-25 16:33,LUNCH BAG BLACK SKULL
C10460,534811,125,2.9,2011-09-24 11:34,SET OF 4 PANTRY JELLY MOULDS
C10414,597843,77,4.49,2011-02-16 12:19,HAND WARMER RED POLKA DOT
C10449,530092,96,4.36,2011-11-07 11:04,STRAWBERRY CERAMIC TRINKET BOX
C10368,592549,49,2.54,2011-01-12 16:16,STRAWBERRY CERAMIC TRINKET BOX
C10111,577499,4,3.4,2011-10-07 10:20,LUNCH BAG RED RETROSPOT
C10505,593186,96,4.88,2011-07-23 16:02,LUNCH BAG BLACK SKULL
C10352,521648,29,4.37,2011-11-06 10:16,HAND WARMER UNION JACK
C10193,575031,23,1.89,2011-01-02 12:45,CREAM CUPID HEARTS COAT HANGER
C10440,523604,19,2.27,2011-10-26 08:25,SET OF 4 PANTRY JELLY MOULDS
C10406,551027,77,4.02,2010-12-31 15:16,VICTORIAN GLASS HANGING T-LIGHT
C10185,567984,18,1.87,2011-10-29 10:28,MINI PAINT SET VINTAGE
C10477,531981,296,3.44,2011-02-18 12:23,CHILDRENS CUTLERY CIRCUS PARADE
C10499,516416,170,4.88,2011-09-01 09:01,VICTORIAN GLASS HANGING T-LIGHT
C10488,599263,150,4.82,2011-03-28 12:00,PACK OF 20 SPACEBOY NAPKINS
C10303,527759,30,3.21,2011-01-31 12:31,LUNCH BAG PINK POLKADOT
C10414,520486,64,5.44,2011-10-31 10:27,LUNCH BAG PINK POLKADOT
C10139,596535,6,3.69,2011-09-21 13:36,MINI PAINT SET VINTAGE
C10009,519099,8,2.32,2011-07-29 11:12,CHILDRENS APRON DOLLY GIRL
C10519,510578,87,4.83,2011-07-07 08:35,CHILDRENS CUTLERY CIRCUS PARADE
C10283,576902,47,1.28,2011-03-11 11:43,JUMBO BAG RED RETROSPOT
C10381,596108,46,1.97,2011-03-16 15:27,PACK OF 12 LONDON TISSUES
C10146,599764,10,3.14,2011-05-18 11:24,SET 7 BABUSHKA NESTING BOXES
C10056,598395,5,3.65,2011-05-01 13:51,RED WOOLLY HOTTIE WHITE HEART
C10377,585607,39,5.88,2011-02-03 15:40,BAKING SET 9 PIECE RETROSPOT
C10443,513072,213,5.09,2011-01-12 13:38,PACK OF 20 SPACEBOY NAPKINS
C10377,581102,67,3.18,2011-03-22 11:26,LUNCH BAG BLACK SKULL
C10129,585088,6,2.96,2011-08-02 13:59,JAM MAKING SET WITH JARS
C10371,555789,29,1.91,2011-10-22 13:08,VICTORIAN GLASS HANGING T-LIGHT
C10516,547877,181,5.18,2011-08-03 12:24,RECYCLED ACRYLIC DROP EARRINGS
C10243,547701,25,3.42,2011-03-25 16:24,JAM MAKING SET WITH JARS
C10033,572616,2,2.13,2011-08-09 09:55,STRAWBERRY CERAMIC TRINKET BOX
C10508,570074,168,3.96,2011-05-31 17:53,HAND WARMER RED POLKA DOT
C10405,575147,46,3.31,2011-02-16 09:47,RECYCLED ACRYLIC DROP EARRINGS
C10506,515960,128,6.64,2011-11-01 16:48,CHILDRENS CUTLERY CIRCUS PARADE
C10256,551373,54,3.45,2011-03-14 11:53,SAVE THE PLANET MUG
C10478,589116,126,5.05,2011-08-19 15:24,KNITTED UNION FLAG HOT WATER BOTTLE
C10418,541367,73,3.26,2011-01-16 13:01,RED HARMONIA NOTEBOOK
C10517,513296,126,4.8,2011-01-15 10:12,CREAM CUPID HEARTS COAT HANGER
C10022,537742,6,2.45,2011-07-08 10:55,STRAWBERRY CERAMIC TRINKET BOX
C10417,574858,43,5.39,2011-08-09 11:24,CHILDRENS APRON DOLLY GIRL
C10063,556955,2,1.83,2011-02-05 16:16,CHILDRENS APRON DOLLY GIRL
C10405,520995,77,4.23,2011-10-07 12:50,PACK OF 20 SPACEBOY NAPKINS
C10453,546506,212,4.12,2011-07-19 17:53,JAM MAKING SET WITH JARS
C10349,588390,51,1.41,2011-08-19 11:32,RED WOOLLY HOTTIE WHITE HEART
C10248,557020,40,3.22,2011-07-19 13:39,WOODEN PICTURE FRAME WHITE FINISH
C10404,579016,19,5.33,2011-08-06 11:21,HAND WARMER UNION JACK
C10211,510089,5,1.72,2010-12-20 09:03,LUNCH BAG PINK POLKADOT
C10398,539436,25,5.81,2011-02-15 17:01,LUNCH BAG PINK POLKADOT
C10305,575619,32,1.93,2011-03-11 09:02,JAM MAKING SET WITH JARS
C10025,549529,3,3.24,2011-11-12 14:25,POPCORN HOLDER
C10383,550871,80,5.38,2011-04-03 17:30,WHITE METAL LANTERN
C10525,590900,79,2.57,2011-06-03 14:12,RED WOOLLY HOTTIE WHITE HEART
C10520,548367,89,4.27,2011-01-20 13:23,PACK OF 20 SPACEBOY NAPKINS
C10352,562122,55,5.15,2011-06-04 08:44,MINI PAINT SET VINTAGE
C10108,590534,4,3.06,2011-03-11 16:17,MINI PAINT SET VINTAGE
C10439,534179,19,5.27,2011-11-20 14:02,JUMBO BAG RED RETROSPOT
C10472,536557,263,5.21,2011-07-15 17:18,WHITE METAL LANTERN
C10530,563541,50,5.19,2011-03-13 17:33,HAND WARMER RED POLKA DOT
C10238,517686,18,4.21,2011-04-11 11:29,SAVE THE PLANET MUG
C10253,539067,15,1.52,2011-11-14 14:48,WOODEN PICTURE FRAME WHITE FINISH
C10528,587969,118,3.81,2011-09-03 08:33,JUMBO BAG RED RETROSPOT
C10490,540681,280,1.32,2011-01-21 14:39,WHITE METAL LANTERN
C10467,597422,226,3.99,2011-02-03 09:03,WHITE METAL LANTERN
C10264,563713,49,2.45,2011-10-03 16:10,CHILDRENS CUTLERY CIRCUS PARADE
C10257,583071,33,2.78,2011-11-17 11:52,RED HARMONIA NOTEBOOK
C10397,539878,20,4.06,2011-01-02 15:11,JUMBO BAG RED RETROSPOT
C10392,585413,51,1.98,2011-06-01 17:57,LUNCH BAG RED RETROSPOT
C10360,576924,32,3.83,2011-08-17 12:23,ASSORTED COLOUR BIRD ORNAMENT
C10521,596014,130,3.65,2011-04-08 10:00,MINI PAINT SET VINTAGE
C10333,595078,44,1.59,2011-08-19 12:02,CHILDRENS CUTLERY CIRCUS PARADE
C10333,598029,44,1.38,2011-10-20 11:37,CHILDRENS CUTLERY CIRCUS PARADE
C10291,568891,44,5.35,2011-03-08 10:02,RECYCLED ACRYLIC DROP EARRINGS
C10450,531587,220,4.07,2011-06-07 15:52,LUNCH BAG PINK POLKADOT
C10370,589233,25,5.55,2011-02-25 09:14,POPCORN HOLDER
C10519,551470,69,7.38,2011-11-10 16:23,GLASS STAR FROSTED T-LIGHT HOLDER
C10368,533646,77,5.75,2011-10-10 12:20,POPCORN HOLDER
C10388,565170,18,5.82,2011-05-09 10:36,LUNCH BAG RED RETROSPOT
C10466,579472,265,3.44,2011-10-21 16:05,JUMBO BAG RED RETROSPOT
C10455,586741,120,1.97,2011-01-09 17:53,LUNCH BAG PINK POLKADOT
C10526,529549,58,8.13,2011-08-12 10:14,LUNCH BAG PINK POLKADOT
C10512,515616,154,7.47,2011-06-06 12:28,SET 7 BABUSHKA NESTING BOXES
C10458,522099,218,3.07,2011-03-31 12:15,WHITE METAL LANTERN
C10476,517882,214,3.26,2011-03-20 14:30,ZINC T-LIGHT HOLDER STARS SMALL
C10034,549824,4,3.53,2011-08-09 09:36,RED HARMONIA NOTEBOOK
C10457,514910,96,1.94,2011-05-19 11:19,CHILDRENS CUTLERY CIRCUS PARADE
C10239,542581,37,4.06,2011-08-25 17:06,HAND WARMER UNION JACK
C10522,553401,165,4.87,2011-07-23 10:16,VICTORIAN GLASS HANGING T-LIGHT
C10524,544200,168,6.33,2011-02-09 12:03,SET 7 BABUSHKA NESTING BOXES
C10299,515393,20,2.26,2011-09-07 15:29,WHITE HANGING HEART T-LIGHT HOLDER
C10359,537030,12,1.8,2011-11-24 08:25,ASSORTED COLOUR BIRD ORNAMENT
C10335,515697,41,2.79,2011-04-09 16:56,VICTORIAN GLASS HANGING T-LIGHT
C10523,545319,82,7.49,2011-07-11 12:52,SAVE THE PLANET MUG
C10333,569338,50,2.36,2011-02-10 16:17,CHILDRENS CUTLERY CIRCUS PARADE
C10521,523948,87,5.39,2011-08-22 12:02,HAND WARMER UNION JACK
C10457,535383,129,3.03,2011-01-21 10:47,CHILDRENS CUTLERY CIRCUS PARADE
C10504,588737,77,6.23,2011-07-07 10:49,JAM MAKING SET WITH JARS
C10335,561361,38,2.59,2011-06-27 12:07,VICTORIAN GLASS HANGING T-LIGHT
C10525,536199,108,5.28,2011-05-03 15:11,RED WOOLLY HOTTIE WHITE HEART
C10530,540609,64,5.61,2010-12-26 15:59,WHITE HANGING HEART T-LIGHT HOLDER
C10247,515475,45,1.85,2011-07-13 14:25,CREAM CUPID HEARTS COAT HANGER
C10465,525118,103,4.97,2011-10-18 12:53,ZINC T-LIGHT HOLDER STARS SMALL
C10476,569851,278,2.75,2011-02-23 08:12,CHILDRENS CUTLERY CIRCUS PARADE
C10328,544562,43,4.56,2011-02-05 15:13,RECYCLED ACRYLIC DROP EARRINGS
C10319,588943,14,3.58,2011-01-11 15:53,CREAM CUPID HEARTS COAT HANGER
C10523,530180,141,2.9,2010-12-17 12:16,SAVE THE PLANET MUG
C10483,525455,170,2.22,2011-11-04 16:01,WHITE HANGING HEART T-LIGHT HOLDER
C10518,546564,100,6.44,2011-03-31 13:55,CHILDRENS CUTLERY CIRCUS PARADE
C10439,574033,29,2.15,2011-03-08 15:16,JUMBO BAG RED RETROSPOT
C10369,554353,28,4.01,2011-01-21 14:24,LUNCH BAG RED RETROSPOT
C10424,574488,56,5.09,2011-06-04 13:12,RECYCLED ACRYLIC DROP EARRINGS
C10244,585061,52,2.53,2011-06-12 08:27,LUNCH BAG BLACK SKULL
C10089,531012,3,2.21,2011-01-22 16:54,STRAWBERRY CERAMIC TRINKET BOX
C10409,513988,22,5.87,2011-08-08 12:43,HAND WARMER UNION JACK
C10451,511349,237,3.0,2011-07-05 13:42,STRAWBERRY CERAMIC TRINKET BOX
C10497,546927,84,6.82,2011-10-14 14:25,CHILDRENS CUTLERY CIRCUS PARADE
C10474,555453,245,1.61,2011-04-29 10:19,JAM MAKING SET WITH JARS
C10102,542717,7,3.12,2011-01-09 17:08,LUNCH BAG BLACK SKULL
C10515,512702,105,2.51,2011-08-27 12:19,WOODEN PICTURE FRAME WHITE FINISH
C10526,518800,153,5.82,2011-07-14 08:05,LUNCH BAG RED RETROSPOT
C10276,587983,49,4.06,2011-04-05 16:17,CHILDRENS CUTLERY CIRCUS PARADE
C10480,512933,189,4.91,2011-09-29 11:44,HAND WARMER RED POLKA DOT
C10461,527946,250,5.35,2011-03-27 15:35,CREAM CUPID HEARTS COAT HANGER
C10230,516626,12,0.9,2011-08-26 17:01,MINI PAINT SET VINTAGE
C10303,592317,42,2.07,2011-06-04 17:30,PACK OF 20 SPACEBOY NAPKINS
C10377,582450,69,3.27,2011-08-24 08:28,CHILDRENS CUTLERY CIRCUS PARADE
C10467,527106,187,4.47,2011-04-07 16:12,WHITE METAL LANTERN
C10492,581522,300,2.41,2011-10-27 10:51,LUNCH BAG BLACK SKULL
C10426,595459,23,3.54,2011-03-18 09:51,CHILDRENS APRON DOLLY GIRL
C10459,547288,273,3.19,2011-11-29 11:57,HAND WARMER RED POLKA DOT
C10513,590112,109,7.87,2011-01-03 16:31,LUNCH BAG PINK POLKADOT
C10529,562852,159,2.73,2011-05-12 10:54,LUNCH BAG BLACK SKULL
C10423,567685,42,4.34,2011-05-05 13:09,LUNCH BAG PINK POLKADOT
C10508,533480,54,7.54,2011-10-12 16:37,HAND WARMER RED POLKA DOT
C10521,548604,158,3.49,2011-10-06 10:13,RECYCLED ACRYLIC DROP EARRINGS
C10490,584925,274,5.26,2011-10-15 14:10,WHITE METAL LANTERN
C10258,539912,15,1.94,2011-11-13 17:12,LUNCH BAG RED RETROSPOT
C10515,522103,198,8.23,2011-11-07 09:20,ZINC T-LIGHT HOLDER STARS SMALL
C10322,512082,22,1.73,2011-06-21 09:00,PACK OF 12 LONDON TISSUES
C10529,526668,88,8.49,2011-04-30 11:24,RED WOOLLY HOTTIE WHITE HEART
C10048,595175,11,3.23,2011-11-01 10:04,WHITE HANGING HEART T-LIGHT HOLDER
C10246,521471,55,2.66,2011-02-24 16:34,MINI PAINT SET VINTAGE
C10376,551486,56,4.54,2011-11-30 15:55,SET 7 BABUSHKA NESTING BOXES
C10250,594341,24,1.58,2011-09-05 17:11,LUNCH BAG PINK POLKADOT
C10060,558566,6,1.58,2011-07-01 09:53,BAKING SET 9 PIECE RETROSPOT
C10478,594489,186,1.77,2011-06-04 16:40,KNITTED UNION FLAG HOT WATER BOTTLE
C10306,572347,14,5.05,2011-06-27 09:48,VICTORIAN GLASS HANGING T-LIGHT
C10503,597916,154,3.45,2011-01-10 17:39,ZINC T-LIGHT HOLDER STARS SMALL
C10121,556437,10,2.36,2011-02-27 15:58,LUNCH BAG PINK POLKADOT
C10262,516827,22,2.78,2011-12-01 11:24,KNITTED UNION FLAG HOT WATER BOTTLE
C10235,548119,12,2.52,2011-01-22 14:32,JUMBO BAG RED RETROSPOT
C10466,580651,192,4.58,2011-01-07 11:34,MINI PAINT SET VINTAGE
C10090,559140,8,3.99,2011-05-28 08:26,CHILDRENS CUTLERY CIRCUS PARADE
C10464,546317,91,3.27,2011-09-17 13:00,HAND WARMER RED POLKA DOT
C10294,568303,14,5.05,2011-07-26 11:17,POPCORN HOLDER
C10023,595426,5,3.13,2011-01-11 15:01,HAND WARMER UNION JACK
C10236,591631,52,3.46,2011-10-30 08:24,WHITE HANGING HEART T-LIGHT HOLDER
C10525,547710,139,4.16,2011-09-28 12:56,WOODEN PICTURE FRAME WHITE FINISH
C10454,540980,221,2.75,2011-02-04 09:59,JAM MAKING SET WITH JARS
C10474,581299,125,2.25,2011-07-09 17:38,JAM MAKING SET WITH JARS
C10017,572216,4,3.36,2011-09-07 15:57,PACK OF 20 SPACEBOY NAPKINS
C10324,574713,16,4.62,2011-03-17 12:44,PACK OF 12 LONDON TISSUES
C10409,533462,39,3.31,2010-12-13 13:54,ASSORTED COLOUR BIRD ORNAMENT
C10476,546649,269,5.05,2011-12-08 16:06,SET OF 4 PANTRY JELLY MOULDS
C10480,557056,150,2.06,2011-02-15 12:11,POPCORN HOLDER
C10180,584205,22,1.8,2011-08-31 14:13,ASSORTED COLOUR BIRD ORNAMENT
C10478,571408,250,5.08,2011-11-02 16:15,KNITTED UNION FLAG HOT WATER BOTTLE
C10450,534684,293,4.2,2011-09-09 16:09,LUNCH BAG PINK POLKADOT
C10500,521970,195,8.1,2011-10-21 09:48,KNITTED UNION FLAG HOT WATER BOTTLE
C10241,569355,31,5.37,2011-09-28 16:08,SET 7 BABUSHKA NESTING BOXES
C10091,571925,6,3.79,2011-01-20 13:50,CREAM CUPID HEARTS COAT HANGER
C10379,544340,28,2.27,2011-07-12 11:06,BAKING SET 9 PIECE RETROSPOT
C10018,580798,6,2.34,2011-04-20 15:04,STRAWBERRY CERAMIC TRINKET BOX
C10411,576029,41,3.14,2011-04-12 15:16,HAND WARMER RED POLKA DOT
C10524,542941,82,4.75,2011-02-16 16:40,POPCORN HOLDER
C10391,585206,32,5.95,2011-10-13 14:04,SET OF 4 PANTRY JELLY MOULDS
C10391,574369,40,2.5,2011-11-03 16:16,RECYCLED ACRYLIC DROP EARRINGS
C10086,523256,3,2.24,2011-03-26 10:09,SET 7 BABUSHKA NESTING BOXES
C10306,569892,17,2.89,2011-03-20 16:14,BAKING SET 9 PIECE RETROSPOT
C10390,556890,16,5.92,2011-04-25 15:07,LUNCH BAG BLACK SKULL
C10107,577908,2,3.58,2011-02-05 14:32,BAKING SET 9 PIECE RETROSPOT
C10360,549283,12,2.05,2011-11-02 08:15,ASSORTED COLOUR BIRD ORNAMENT
C10100,517518,8,2.19,2010-12-22 13:39,ZINC T-LIGHT HOLDER STARS SMALL
C10394,526040,65,3.73,2010-12-30 09:03,CHILDRENS APRON DOLLY GIRL
C10447,530575,240,2.87,2010-12-13 08:41,JAM MAKING SET WITH JARS
C10388,567264,38,3.29,2011-03-13 12:08,LUNCH BAG RED RETROSPOT
C10294,573577,20,4.59,2011-03-01 10:42,MINI PAINT SET VINTAGE
C10013,552237,11,3.02,2010-12-01 12:18,WOODEN PICTURE FRAME WHITE FINISH
C10417,596008,57,4.97,2011-10-07 09:06,KNITTED UNION FLAG HOT WATER BOTTLE
C10456,520239,247,4.96,2011-10-07 08:04,SET OF 4 PANTRY JELLY MOULDS
C10435,531129,23,3.95,2011-08-18 14:09,HAND WARMER UNION JACK
C10381,525027,60,3.38,2011-01-25 17:24,SET 7 BABUSHKA NESTING BOXES
C10242,597445,40,3.73,2011-01-29 13:35,SET 7 BABUSHKA NESTING BOXES
C10034,564548,5,1.8,2011-10-19 08:09,RED HARMONIA NOTEBOOK
C10343,560986,40,4.41,2011-03-16 11:18,CREAM CUPID HEARTS COAT HANGER
C10530,523409,159,6.15,2011-02-06 08:37,LUNCH BAG RED RETROSPOT
C10502,532719,83,2.87,2011-11-22 14:14,HAND WARMER UNION JACK
C10151,532463,6,1.9,2011-03-26 12:43,ZINC T-LIGHT HOLDER STARS SMALL
C10385,571940,77,5.45,2011-08-15 17:30,GLASS STAR FROSTED T-LIGHT HOLDER
C10505,552008,95,4.76,2010-12-26 15:18,LUNCH BAG BLACK SKULL
C10247,577181,36,5.1,2011-10-25 17:04,WHITE HANGING HEART T-LIGHT HOLDER
C10028,543862,9,2.03,2011-10-09 14:21,LUNCH BAG BLACK SKULL
C10303,557516,27,4.16,2011-09-21 08:54,STRAWBERRY CERAMIC TRINKET BOX
C10517,529516,129,5.45,2011-04-04 16:09,CHILDRENS APRON DOLLY GIRL
C10526,592027,178,7.75,2010-12-06 10:22,LUNCH BAG RED RETROSPOT
C10381,597994,50,4.77,2011-10-20 09:28,SET 7 BABUSHKA NESTING BOXES
C10461,533936,161,5.03,2011-09-27 09:47,CREAM CUPID HEARTS COAT HANGER
C10507,569950,160,3.48,2011-02-21 14:53,RECYCLED ACRYLIC DROP EARRINGS
C10494,599157,208,2.38,2011-11-12 17:13,RED WOOLLY HOTTIE WHITE HEART
C10358,595237,15,4.56,2011-02-25 08:06,POPCORN HOLDER
C10313,593748,45,2.88,2011-02-13 13:30,CHILDRENS CUTLERY CIRCUS PARADE
C10272,579856,30,1.54,2011-06-20 10:05,STRAWBERRY CERAMIC TRINKET BOX
C10397,558674,41,3.07,2011-10-13 08:14,CREAM CUPID HEARTS COAT HANGER
C10521,547873,189,4.73,2011-11-09 08:51,BAKING SET 9 PIECE RETROSPOT
C10398,529670,19,4.51,2011-01-24 17:13,KNITTED UNION FLAG HOT WATER BOTTLE
C10387,528051,15,1.87,2011-07-10 15:36,VICTORIAN GLASS HANGING T-LIGHT
C10435,519307,30,5.02,2011-03-30 17:51,LUNCH BAG PINK POLKADOT
C10513,517798,191,6.36,2011-04-15 10:02,PACK OF 12 LONDON TISSUES
C10405,579888,50,3.75,2010-12-12 12:17,MINI PAINT SET VINTAGE
C10327,586230,31,5.43,2011-09-03 12:13,HAND WARMER RED POLKA DOT
C10461,540345,229,4.65,2011-10-23 15:49,CREAM CUPID HEARTS COAT HANGER
C10310,579607,14,3.66,2011-10-22 09:53,CREAM CUPID HEARTS COAT HANGER
C10500,572066,152,3.88,2011-06-09 08:57,KNITTED UNION FLAG HOT WATER BOTTLE
C10364,526703,78,5.13,2011-05-03 13:27,LUNCH BAG RED RETROSPOT
C10460,591309,265,1.33,2011-09-29 11:28,BAKING SET 9 PIECE RETROSPOT
C10472,565299,177,1.73,2011-10-19 16:12,SET OF 4 PANTRY JELLY MOULDS
C10527,593851,127,6.62,2011-04-23 09:39,HAND WARMER UNION JACK
C10504,531370,54,3.05,2010-12-30 10:17,JAM MAKING SET WITH JARS
C10388,521096,73,5.3,2011-10-18 15:34,SET 7 BABUSHKA NESTING BOXES
C10336,587045,39,3.45,2011-11-21 09:50,LUNCH BAG PINK POLKADOT
C10131,571712,8,3.25,2011-02-07 15:09,GLASS STAR FROSTED T-LIGHT HOLDER
C10505,511539,198,8.03,2011-02-22 08:23,JAM MAKING SET WITH JARS
C10415,520323,63,3.88,2011-11-28 17:16,CREAM CUPID HEARTS COAT HANGER
C10164,566420,15,2.44,2011-10-28 17:02,RECYCLED ACRYLIC DROP EARRINGS
C10282,587459,14,2.7,2011-02-26 12:49,ASSORTED COLOUR BIRD ORNAMENT
C10478,532849,80,2.04,2011-09-19 08:20,KNITTED UNION FLAG HOT WATER BOTTLE
C10247,555069,15,2.54,2011-09-26 08:44,WHITE HANGING HEART T-LIGHT HOLDER
C10509,542654,64,2.52,2011-09-16 11:52,JAM MAKING SET WITH JARS
C10527,562621,69,5.77,2010-12-09 16:28,RED HARMONIA NOTEBOOK
C10488,551222,158,5.47,2011-02-13 12:39,STRAWBERRY CERAMIC TRINKET BOX
C10451,572242,274,5.1,2010-12-16 12:44,HAND WARMER RED POLKA DOT
C10117,551750,7,3.83,2011-08-23 15:09,WHITE METAL LANTERN
C10512,576277,195,3.54,2011-11-13 17:02,SET 7 BABUSHKA NESTING BOXES
C10493,568351,164,4.67,2011-05-19 13:03,MINI PAINT SET VINTAGE
C10499,525832,177,7.23,2011-11-05 11:07,STRAWBERRY CERAMIC TRINKET BOX
C10431,543228,73,5.35,2011-11-07 14:02,POPCORN HOLDER
C10340,566689,37,3.17,2011-05-06 14:56,BAKING SET 9 PIECE RETROSPOT
C10331,543496,28,1.86,2011-05-14 14:37,PACK OF 12 LONDON TISSUES
C10496,567528,83,3.28,2011-11-04 10:04,ASSORTED COLOUR BIRD ORNAMENT
C10376,566168,21,2.05,2010-12-12 14:17,SET 7 BABUSHKA NESTING BOXES
C10327,597414,32,2.52,2011-10-22 10:01,HAND WARMER RED POLKA DOT
C10430,523506,52,2.63,2011-06-24 09:46,RED WOOLLY HOTTIE WHITE HEART
C10429,528389,22,4.93,2011-11-30 12:08,PACK OF 20 SPACEBOY NAPKINS
C10015,560328,12,2.94,2011-01-07 15:26,GLASS STAR FROSTED T-LIGHT HOLDER
C10488,591539,268,2.89,2010-12-19 09:32,CHILDRENS APRON DOLLY GIRL
C10529,583882,92,8.27,2011-07-18 08:08,WHITE HANGING HEART T-LIGHT HOLDER
C10468,576176,272,3.85,2010-12-18 09:05,JAM MAKING SET WITH JARS
C10300,548739,31,4.0,2010-12-18 13:22,WOODEN PICTURE FRAME WHITE FINISH
C10351,594023,34,3.33,2011-05-20 10:45,ZINC T-LIGHT HOLDER STARS SMALL
C10038,549857,3,2.67,2011-02-23 12:38,JUMBO BAG RED RETROSPOT
C10252,510932,26,2.05,2011-08-30 16:48,MINI PAINT SET VINTAGE
C10259,562037,45,1.48,2011-06-21 12:56,SET OF 4 PANTRY JELLY MOULDS
C10486,572121,202,4.2,2011-07-11 14:31,STRAWBERRY CERAMIC TRINKET BOX
C10489,512215,80,2.09,2011-05-13 11:41,MINI PAINT SET VINTAGE
C10514,565137,103,6.55,2011-09-15 08:01,HAND WARMER RED POLKA DOT
C10420,578697,16,5.3,2011-11-21 10:09,GLASS STAR FROSTED T-LIGHT HOLDER
C10340,559034,34,3.68,2010-12-19 11:14,LUNCH BAG PINK POLKADOT
C10067,550963,3,2.28,2011-03-27 14:21,BAKING SET 9 PIECE RETROSPOT
C10395,559719,20,2.63,2011-05-03 09:03,HAND WARMER UNION JACK
C10482,582947,186,2.87,2011-07-17 17:31,WHITE METAL LANTERN
C10466,547876,124,4.75,2011-08-09 11:08,CHILDRENS CUTLERY CIRCUS PARADE
C10229,577698,18,2.07,2011-07-15 11:58,LUNCH BAG RED RETROSPOT
C10235,539402,35,1.33,2011-06-10 08:57,SET 7 BABUSHKA NESTING BOXES
C10483,540557,171,3.47,2011-01-15 14:03,LUNCH BAG RED RETROSPOT
C10276,531146,36,5.47,2011-04-01 11:37,WHITE METAL LANTERN
C10309,563992,32,5.47,2011-02-04 13:22,PACK OF 20 SPACEBOY NAPKINS
C10524,540182,77,2.88,2010-12-14 17:27,LUNCH BAG PINK POLKADOT
C10515,576828,121,5.74,2011-03-20 15:24,ZINC T-LIGHT HOLDER STARS SMALL
C10261,511075,18,4.29,2011-10-10 12:18,LUNCH BAG RED RETROSPOT
C10366,595767,20,4.2,2011-06-04 17:33,HAND WARMER RED POLKA DOT
C10526,598075,186,2.97,2011-03-23 15:19,ASSORTED COLOUR BIRD ORNAMENT
C10458,511112,101,1.6,2011-03-20 14:27,WHITE METAL LANTERN
C10364,572822,35,4.55,2011-03-04 16:51,ASSORTED COLOUR BIRD ORNAMENT
C10456,529289,191,4.54,2011-06-26 12:33,HAND WARMER UNION JACK
C10329,550593,36,3.29,2011-06-28 09:07,SET 7 BABUSHKA NESTING BOXES
C10452,583356,229,3.01,2011-08-04 15:15,PACK OF 20 SPACEBOY NAPKINS
C10362,598706,78,3.89,2011-10-01 14:30,WOODEN PICTURE FRAME WHITE FINISH
C10198,510191,5,2.42,2011-06-28 08:14,CHILDRENS CUTLERY CIRCUS PARADE
C10206,542215,24,1.87,2011-03-06 12:17,CHILDRENS CUTLERY CIRCUS PARADE
C10382,549883,20,2.13,2011-09-29 14:15,SET 7 BABUSHKA NESTING BOXES
C10388,591381,80,3.27,2011-07-02 16:12,KNITTED UNION FLAG HOT WATER BOTTLE
C10517,580091,175,8.5,2011-06-28 08:03,POPCORN HOLDER
C10251,533839,60,3.73,2011-09-30 10:08,STRAWBERRY CERAMIC TRINKET BOX
C10488,584450,213,2.25,2011-08-21 09:53,RECYCLED ACRYLIC DROP EARRINGS
C10283,510110,45,5.36,2011-08-30 12:24,SET 7 BABUSHKA NESTING BOXES
C10189,544365,23,0.96,2011-07-30 09:01,KNITTED UNION FLAG HOT WATER BOTTLE
C10527,598626,197,8.09,2011-01-30 15:03,HAND WARMER UNION JACK
C10298,518601,33,4.65,2010-12-28 09:23,KNITTED UNION FLAG HOT WATER BOTTLE
C10333,588579,23,3.2,2011-04-08 14:22,CHILDRENS CUTLERY CIRCUS PARADE
C10475,547657,204,4.54,2011-10-23 11:40,MINI PAINT SET VINTAGE
C10491,534370,248,1.62,2011-10-05 15:21,MINI PAINT SET VINTAGE
C10519,511339,66,3.82,2011-09-28 14:16,CREAM CUPID HEARTS COAT HANGER
C10499,591583,81,3.69,2010-12-13 10:30,WHITE METAL LANTERN
C10453,545155,96,2.32,2011-05-14 14:01,JAM MAKING SET WITH JARS
C10190,530365,21,2.37,2011-09-01 16:39,ZINC T-LIGHT HOLDER STARS SMALL
C10472,560393,291,3.27,2011-04-30 17:04,CHILDRENS APRON DOLLY GIRL
C10493,567375,250,1.82,2011-10-19 12:25,CHILDRENS CUTLERY CIRCUS PARADE
C10467,513049,129,5.33,2011-09-11 16:47,PACK OF 20 SPACEBOY NAPKINS
C10234,521539,58,1.92,2011-05-25 14:36,CHILDRENS APRON DOLLY GIRL
C10497,563420,75,6.94,2011-08-29 11:07,HAND WARMER UNION JACK
C10488,514774,144,2.85,2011-03-28 13:54,RECYCLED ACRYLIC DROP EARRINGS
C10085,522249,12,3.78,2011-05-18 10:42,HAND WARMER RED POLKA DOT
C10265,589423,13,2.81,2010-12-17 11:06,POPCORN HOLDER
C10467,528546,119,4.11,2010-12-09 17:49,VICTORIAN GLASS HANGING T-LIGHT
C10521,578790,138,7.23,2010-12-30 13:49,PACK OF 12 LONDON TISSUES
C10433,538307,43,3.57,2011-06-16 09:54,RED HARMONIA NOTEBOOK
C10457,558774,237,4.34,2011-07-13 15:27,CHILDRENS CUTLERY CIRCUS PARADE
C10527,559857,165,2.66,2011-05-18 11:32,VICTORIAN GLASS HANGING T-LIGHT
C10498,517318,104,6.81,2011-06-26 08:23,WHITE METAL LANTERN
C10443,549676,268,3.69,2011-08-11 08:39,LUNCH BAG BLACK SKULL
C10088,560052,9,3.42,2011-07-29 11:23,HAND WARMER RED POLKA DOT
C10436,579352,15,5.84,2011-04-11 08:56,PACK OF 12 LONDON TISSUES
C10410,521284,74,4.12,2011-07-16 08:20,JUMBO BAG RED RETROSPOT
C10509,565304,120,6.49,2010-12-23 14:30,LUNCH BAG BLACK SKULL
C10507,573213,55,4.94,2011-09-28 17:38,RECYCLED ACRYLIC DROP EARRINGS
C10110,599783,5,3.51,2011-10-18 16:18,LUNCH BAG PINK POLKADOT
C10444,522004,103,4.3,2011-01-03 10:36,HAND WARMER UNION JACK
C10442,524858,297,5.09,2011-10-18 08:43,ZINC T-LIGHT HOLDER STARS SMALL
C10043,592578,9,1.8,2011-04-16 16:08,SET 7 BABUSHKA NESTING BOXES
C10322,568361,19,4.39,2011-11-10 09:27,CREAM CUPID HEARTS COAT HANGER
C10342,536765,35,5.42,2011-11-23 14:13,JAM MAKING SET WITH JARS
C10426,530415,16,2.21,2011-08-17 13:30,LUNCH BAG BLACK SKULL
C10468,563382,115,4.47,2011-11-13 11:31,PACK OF 20 SPACEBOY NAPKINS
C10278,570374,40,1.91,2010-12-15 10:12,SET 7 BABUSHKA NESTING BOXES
C10114,557943,4,3.71,2011-10-31 15:18,HAND WARMER RED POLKA DOT
C10283,540833,28,4.93,2011-10-22 08:48,JUMBO BAG RED RETROSPOT
C10244,571122,26,1.27,2011-02-05 10:37,SET OF 4 PANTRY JELLY MOULDS
C10403,551799,29,2.42,2011-08-29 10:56,SET 7 BABUSHKA NESTING BOXES
C10498,556696,176,8.14,2011-10-22 13:12,PACK OF 20 SPACEBOY NAPKINS
C10366,588883,28,2.22,2011-02-05 13:23,CREAM CUPID HEARTS COAT HANGER
C10306,568190,53,5.4,2011-05-10 09:29,KNITTED UNION FLAG HOT WATER BOTTLE
C10498,535427,62,3.17,2011-12-04 12:23,PACK OF 20 SPACEBOY NAPKINS
C10285,591830,52,5.46,2011-10-21 16:51,CHILDRENS APRON DOLLY GIRL
C10288,522805,14,1.3,2011-03-10 16:21,CREAM CUPID HEARTS COAT HANGER
C10467,512948,209,5.14,2011-12-01 08:40,RED WOOLLY HOTTIE WHITE HEART
C10496,546535,114,3.03,2011-07-11 09:49,ASSORTED COLOUR BIRD ORNAMENT
C10412,570370,73,3.37,2011-09-21 14:46,CHILDRENS APRON DOLLY GIRL
C10491,517733,244,4.22,2011-09-10 13:43,ASSORTED COLOUR BIRD ORNAMENT
C10333,511255,48,3.28,2011-07-10 11:39,CHILDRENS CUTLERY CIRCUS PARADE
C10384,516536,70,2.12,2011-08-01 16:28,LUNCH BAG BLACK SKULL
C10186,566280,17,1.43,2011-01-21 10:48,BAKING SET 9 PIECE RETROSPOT
C10364,547342,40,2.13,2011-02-10 13:47,WHITE HANGING HEART T-LIGHT HOLDER
C10493,512503,233,5.44,2011-04-21 08:25,ZINC T-LIGHT HOLDER STARS SMALL
C10469,554906,194,4.57,2011-11-21 09:07,GLASS STAR FROSTED T-LIGHT HOLDER
C10258,592799,49,2.47,2011-09-22 17:41,WHITE HANGING HEART T-LIGHT HOLDER
C10355,572429,56,2.34,2011-11-03 09:46,LUNCH BAG RED RETROSPOT
C10389,534123,66,3.75,2011-03-25 10:19,STRAWBERRY CERAMIC TRINKET BOX
C10255,593055,26,1.54,2011-04-30 13:07,VICTORIAN GLASS HANGING T-LIGHT
C10026,565057,12,2.35,2011-06-08 09:32,KNITTED UNION FLAG HOT WATER BOTTLE
C10453,521925,115,3.24,2011-04-14 14:03,MINI PAINT SET VINTAGE
C10451,546010,208,2.02,2011-09-02 09:27,HAND WARMER UNION JACK
C10416,590135,56,2.61,2011-04-25 12:00,WHITE HANGING HEART T-LIGHT HOLDER
C10483,575494,120,3.42,2011-09-02 16:40,JAM MAKING SET WITH JARS
C10044,545838,6,2.77,2011-01-28 15:07,GLASS STAR FROSTED T-LIGHT HOLDER
C10503,551751,59,4.31,2011-09-11 14:51,LUNCH BAG PINK POLKADOT
C10491,536163,290,3.67,2011-11-30 17:25,JAM MAKING SET WITH JARS
C10475,561277,107,3.63,2011-08-26 14:29,WHITE HANGING HEART T-LIGHT HOLDER
C10331,563382,19,2.55,2011-08-30 10:01,PACK OF 12 LONDON TISSUES
C10489,567348,270,3.75,2011-06-16 09:00,ZINC T-LIGHT HOLDER STARS SMALL
C10393,539852,70,3.73,2011-02-10 11:35,CREAM CUPID HEARTS COAT HANGER
C10456,536829,262,3.23,2011-08-13 10:51,HAND WARMER UNION JACK
C10454,536855,270,4.17,2010-12-02 09:12,WOODEN PICTURE FRAME WHITE FINISH
C10519,549084,79,7.53,2011-07-03 16:55,GLASS STAR FROSTED T-LIGHT HOLDER
C10380,543357,15,2.34,2010-12-06 10:42,LUNCH BAG PINK POLKADOT
C10446,540597,133,5.26,2011-01-24 09:20,PACK OF 12 LONDON TISSUES
C10307,529316,41,3.42,2011-11-21 17:06,PACK OF 12 LONDON TISSUES
C10082,530807,10,2.81,2011-01-22 13:45,LUNCH BAG BLACK SKULL
C10500,575097,132,5.21,2011-11-09 17:09,POPCORN HOLDER
C10502,539429,193,3.53,2011-07-07 17:11,JUMBO BAG RED RETROSPOT
C10508,582466,151,4.9,2011-10-08 08:28,WOODEN PICTURE FRAME WHITE FINISH
C10260,564028,38,2.56,2011-07-16 10:44,MINI PAINT SET VINTAGE
C10509,559050,152,7.41,2010-12-24 13:46,GLASS STAR FROSTED T-LIGHT HOLDER
C10390,578820,79,2.57,2011-07-06 10:01,ZINC T-LIGHT HOLDER STARS SMALL
C10384,579747,49,2.69,2011-09-08 09:22,POPCORN HOLDER
C10465,598754,213,4.28,2011-01-19 17:01,WOODEN PICTURE FRAME WHITE FINISH
C10289,567878,49,3.98,2011-07-21 12:49,POPCORN HOLDER
C10488,524775,106,1.89,2011-08-30 11:52,CHILDRENS CUTLERY CIRCUS PARADE
C10050,517355,2,1.61,2011-01-20 09:28,LUNCH BAG RED RETROSPOT
C10525,527013,171,8.35,2011-03-05 09:30,RED WOOLLY HOTTIE WHITE HEART
C10516,544049,54,3.63,2011-01-12 09:33,RECYCLED ACRYLIC DROP EARRINGS
C10167,541970,10,2.38,2011-12-05 15:20,LUNCH BAG BLACK SKULL
C10271,530578,41,2.92,2011-10-29 14:14,JUMBO BAG RED RETROSPOT
C10253,560374,15,3.84,2011-11-27 14:47,LUNCH BAG RED RETROSPOT
C10454,545353,226,4.4,2011-05-10 09:08,POPCORN HOLDER
C10496,564778,83,5.52,2011-12-01 16:00,RED WOOLLY HOTTIE WHITE HEART
C10512,576730,158,3.31,2011-09-17 11:13,ZINC T-LIGHT HOLDER STARS SMALL
C10468,547596,243,4.53,2011-10-07 11:15,CHILDRENS CUTLERY CIRCUS PARADE
C10313,561508,34,1.28,2011-10-07 08:53,CREAM CUPID HEARTS COAT HANGER
C10507,536361,179,7.25,2011-06-28 08:47,PACK OF 20 SPACEBOY NAPKINS
C10038,574722,6,2.75,2011-09-18 12:28,JUMBO BAG RED RETROSPOT
C10330,531707,27,4.0,2010-12-24 15:47,LUNCH BAG BLACK SKULL
C10453,577035,298,5.28,2011-02-23 11:40,MINI PAINT SET VINTAGE
C10234,532099,23,4.49,2011-05-02 14:03,SET OF 4 PANTRY JELLY MOULDS
C10350,547401,48,2.31,2011-03-04 15:40,CHILDRENS CUTLERY CIRCUS PARADE
C10354,542576,54,4.44,2011-05-22 13:43,POPCORN HOLDER
C10350,565576,56,2.09,2011-02-03 09:11,WOODEN PICTURE FRAME WHITE FINISH
C10497,597387,97,7.83,2011-11-17 09:30,JUMBO BAG RED RETROSPOT
C10026,557472,3,2.58,2011-08-30 14:42,KNITTED UNION FLAG HOT WATER BOTTLE
C10515,566582,155,4.41,2011-06-30 12:30,PACK OF 12 LONDON TISSUES
C10521,570735,171,5.5,2011-06-24 15:26,RED HARMONIA NOTEBOOK
C10311,550703,25,4.64,2011-09-07 10:56,LUNCH BAG BLACK SKULL
C10465,537759,101,4.5,2010-12-04 10:23,CHILDRENS CUTLERY CIRCUS PARADE
C10024,558351,9,3.25,2011-01-28 17:13,GLASS STAR FROSTED T-LIGHT HOLDER
C10334,518526,14,3.75,2011-11-22 08:07,KNITTED UNION FLAG HOT WATER BOTTLE
C10104,525907,7,2.77,2011-11-29 09:35,PACK OF 12 LONDON TISSUES
C10006,558393,4,2.86,2011-07-15 16:45,CREAM CUPID HEARTS COAT HANGER
C10428,554204,80,5.67,2010-12-25 11:11,ZINC T-LIGHT HOLDER STARS SMALL
C10519,557707,52,3.81,2011-07-28 17:48,STRAWBERRY CERAMIC TRINKET BOX
C10438,536687,55,1.97,2011-08-12 12:49,ASSORTED COLOUR BIRD ORNAMENT
C10480,512239,257,3.73,2010-12-12 16:43,PACK OF 12 LONDON TISSUES
C10097,535048,2,3.38,2011-08-21 14:52,HAND WARMER RED POLKA DOT
C10392,591087,79,3.01,2011-07-31 16:22,RECYCLED ACRYLIC DROP EARRINGS
C10234,569251,50,1.5,2011-03-10 16:07,LUNCH BAG PINK POLKADOT
C10485,544737,180,3.91,2010-12-15 17:26,CHILDRENS APRON DOLLY GIRL
C10468,588275,220,1.79,2011-03-21 10:25,LUNCH BAG BLACK SKULL
C10313,540862,29,1.63,2011-11-05 08:44,CREAM CUPID HEARTS COAT HANGER
C10377,569768,78,4.47,2011-03-21 13:13,LUNCH BAG BLACK SKULL
C10485,582776,293,3.78,2011-08-22 10:44,CHILDRENS APRON DOLLY GIRL
C10389,596175,38,2.27,2011-09-26 16:47,STRAWBERRY CERAMIC TRINKET BOX
C10473,525071,290,3.54,2011-01-22 14:30,SAVE THE PLANET MUG
C10515,515121,119,5.19,2011-06-14 08:08,VICTORIAN GLASS HANGING T-LIGHT
C10498,546199,166,7.72,2011-04-18 14:24,PACK OF 20 SPACEBOY NAPKINS
C10327,558887,56,1.5,2011-01-17 16:35,ASSORTED COLOUR BIRD ORNAMENT
C10321,543211,52,4.31,2011-02-04 12:53,ASSORTED COLOUR BIRD ORNAMENT
C10419,574431,24,3.64,2011-08-24 15:55,GLASS STAR FROSTED T-LIGHT HOLDER
C10522,582478,166,7.68,2011-09-06 08:55,RED WOOLLY HOTTIE WHITE HEART
C10355,596474,23,1.97,2011-03-10 10:55,LUNCH BAG RED RETROSPOT
C10196,550723,14,2.13,2011-01-05 15:55,GLASS STAR FROSTED T-LIGHT HOLDER
C10516,539133,155,4.37,2011-11-05 17:35,PACK OF 20 SPACEBOY NAPKINS
C10502,550290,124,6.97,2011-03-16 14:19,LUNCH BAG PINK POLKADOT
C10500,547594,64,5.55,2011-05-31 14:03,KNITTED UNION FLAG HOT WATER BOTTLE
C10162,549692,20,1.08,2011-09-08 08:46,PACK OF 12 LONDON TISSUES
C10503,598447,198,4.99,2011-04-22 17:27,WHITE METAL LANTERN
C10454,546329,166,5.4,2010-12-28 08:54,SET OF 4 PANTRY JELLY MOULDS
C10368,593139,47,5.43,2010-12-09 16:42,WOODEN PICTURE FRAME WHITE FINISH
C10367,545585,64,3.39,2011-06-22 15:43,STRAWBERRY CERAMIC TRINKET BOX
C10003,558434,3,3.7,2011-07-23 17:36,WHITE HANGING HEART T-LIGHT HOLDER
C10444,535915,81,1.59,2011-05-19 09:39,CHILDRENS CUTLERY CIRCUS PARADE
C10372,568192,67,4.79,2010-12-28 09:42,JAM MAKING SET WITH JARS
C10513,523065,104,3.53,2011-12-05 08:12,POPCORN HOLDER
C10457,570241,109,1.59,2011-06-12 13:42,CHILDRENS CUTLERY CIRCUS PARADE
C10151,582443,17,1.48,2011-01-11 08:05,ZINC T-LIGHT HOLDER STARS SMALL
C10518,515733,75,7.4,2011-02-17 09:09,CHILDRENS CUTLERY CIRCUS PARADE
C10468,530667,123,4.71,2011-12-08 11:51,PACK OF 20 SPACEBOY NAPKINS
C10076,557428,11,2.65,2011-10-24 14:18,VICTORIAN GLASS HANGING T-LIGHT
C10318,547239,32,1.65,2011-03-07 10:03,WOODEN PICTURE FRAME WHITE FINISH
C10280,596374,12,1.69,2010-12-03 12:59,CHILDRENS CUTLERY CIRCUS PARADE
C10385,528590,57,5.56,2011-03-16 10:50,GLASS STAR FROSTED T-LIGHT HOLDER
C10370,529482,15,5.4,2011-11-16 14:43,POPCORN HOLDER
C10325,530223,56,4.95,2011-07-23 09:06,GLASS STAR FROSTED T-LIGHT HOLDER
C10161,583905,16,1.04,2011-11-21 15:36,RED WOOLLY HOTTIE WHITE HEART
C10368,566872,34,3.59,2011-04-23 10:16,JUMBO BAG RED RETROSPOT
C10466,576062,177,4.11,2011-03-23 09:33,MINI PAINT SET VINTAGE
C10452,586752,214,4.08,2011-10-31 10:49,SET 7 BABUSHKA NESTING BOXES
C10263,542859,32,4.33,2011-11-19 15:44,POPCORN HOLDER
C10482,577552,126,2.15,2011-11-24 12:36,GLASS STAR FROSTED T-LIGHT HOLDER
C10308,574512,58,3.46,2010-12-14 10:24,HAND WARMER UNION JACK
C10492,519007,136,4.16,2011-08-05 12:57,LUNCH BAG BLACK SKULL
C10433,512722,16,2.94,2011-06-22 10:58,RECYCLED ACRYLIC DROP EARRINGS
C10184,527451,9,1.48,2011-08-02 09:14,ZINC T-LIGHT HOLDER STARS SMALL
C10373,562184,60,4.92,2011-05-08 11:35,SET OF 4 PANTRY JELLY MOULDS
C10511,554113,70,4.15,2011-05-03 12:59,WOODEN PICTURE FRAME WHITE FINISH
C10526,564276,156,4.04,2011-05-21 11:32,LUNCH BAG PINK POLKADOT
C10457,537605,220,3.66,2011-04-25 13:03,CHILDRENS CUTLERY CIRCUS PARADE
C10490,578416,297,5.34,2011-09-29 12:49,WHITE METAL LANTERN
C10070,545054,11,3.82,2011-07-08 16:49,RECYCLED ACRYLIC DROP EARRINGS
C10476,594320,118,4.21,2010-12-20 09:53,BAKING SET 9 PIECE RETROSPOT
C10427,522424,43,4.52,2011-08-12 11:19,MINI PAINT SET VINTAGE
C10512,599516,115,4.04,2011-03-16 14:48,RED HARMONIA NOTEBOOK
C10147,581058,4,3.79,2011-05-30 10:08,RED WOOLLY HOTTIE WHITE HEART
C10470,591852,240,3.04,2010-12-09 15:16,CHILDRENS CUTLERY CIRCUS PARADE
C10506,596311,83,3.81,2011-09-20 16:54,CREAM CUPID HEARTS COAT HANGER
C10510,568024,72,6.91,2011-09-19 15:12,CREAM CUPID HEARTS COAT HANGER
C10157,513442,21,1.52,2011-01-14 10:27,POPCORN HOLDER
C10355,546747,30,5.09,2011-08-24 17:50,SET OF 4 PANTRY JELLY MOULDS
C10401,582373,33,2.07,2011-03-18 14:33,MINI PAINT SET VINTAGE
C10427,543667,54,3.72,2011-02-16 10:23,RED WOOLLY HOTTIE WHITE HEART
C10523,583434,179,7.38,2011-02-23 10:49,SAVE THE PLANET MUG
C10491,556062,203,1.53,2011-08-20 17:04,POPCORN HOLDER
C10011,597062,7,2.58,2011-09-22 11:16,MINI PAINT SET VINTAGE
C10135,596742,3,3.21,2011-06-28 10:49,HAND WARMER RED POLKA DOT
C10352,531734,22,4.97,2011-08-02 08:58,ZINC T-LIGHT HOLDER STARS SMALL
C10299,544132,46,1.79,2011-09-30 16:53,WHITE HANGING HEART T-LIGHT HOLDER
C10510,533883,183,8.01,2011-03-20 13:49,CREAM CUPID HEARTS COAT HANGER
C10241,564875,42,5.0,2011-07-19 15:42,CHILDRENS APRON DOLLY GIRL
C10529,575327,195,5.21,2010-12-09 11:55,RED WOOLLY HOTTIE WHITE HEART
C10402,544771,43,4.58,2011-03-24 09:20,WHITE METAL LANTERN
C10451,586763,265,1.46,2011-10-02 12:21,WHITE HANGING HEART T-LIGHT HOLDER
C10505,536523,188,7.4,2011-01-26 15:06,JAM MAKING SET WITH JARS
C10416,564306,67,2.55,2011-01-29 11:36,CHILDRENS APRON DOLLY GIRL
C10053,511061,12,2.49,2011-08-05 09:15,SET 7 BABUSHKA NESTING BOXES
C10410,576252,50,4.3,2011-03-10 17:47,CHILDRENS CUTLERY CIRCUS PARADE
C10439,531937,38,3.99,2011-04-12 14:43,PACK OF 20 SPACEBOY NAPKINS
C10326,595033,54,2.72,2011-08-22 13:01,LUNCH BAG RED RETROSPOT
C10511,530955,177,7.06,2011-01-18 09:34,WOODEN PICTURE FRAME WHITE FINISH
C10001,584668,3,3.85,2011-01-04 11:25,CHILDRENS APRON DOLLY GIRL
C10470,585927,217,4.58,2011-01-22 13:28,CHILDRENS CUTLERY CIRCUS PARADE
C10455,522094,213,1.53,2011-07-06 09:27,SET 7 BABUSHKA NESTING BOXES
C10335,553152,25,2.09,2011-10-25 08:54,CHILDRENS APRON DOLLY GIRL
C10418,535301,64,4.05,2011-01-11 17:36,RED HARMONIA NOTEBOOK
C10525,573681,185,3.36,2011-02-25 10:15,CHILDRENS APRON DOLLY GIRL
C10329,549998,13,5.23,2011-01-30 17:54,SET 7 BABUSHKA NESTING BOXES
C10349,594940,60,5.4,2011-11-07 15:04,RED WOOLLY HOTTIE WHITE HEART
C10526,538884,58,5.99,2011-03-12 16:27,LUNCH BAG PINK POLKADOT
C10339,546709,25,1.48,2011-03-08 11:34,RED WOOLLY HOTTIE WHITE HEART
C10517,565293,110,4.6,2011-05-29 09:08,CREAM CUPID HEARTS COAT HANGER
